log_time,BAOJIA,CAS,COD,CORE,CORETEST,DG,ESX,IMS,ODS,POSP,QPAY,SFGO,SYPAY,SYPAYTEST,TMS
2017-02-27 10:52:02,581,0,0,2104,6,765,4296,25,801,83,25,102,0,3,1655
2017-02-27 10:53:02,330,0,0,1076,5,815,3416,22,685,77,26,103,0,3,1569
2017-02-27 10:54:02,595,0,0,1296,5,834,2821,22,3368,79,26,114,0,4,1543
2017-02-27 10:55:03,354,0,0,1002,5,810,3043,22,2108,81,26,93,0,4,1594
2017-02-27 10:56:03,626,0,0,1112,3,890,3268,25,798,513,26,80,0,2,1757
2017-02-27 10:57:03,419,0,0,986,5,778,3878,25,1167,506,27,109,0,3,1710
2017-02-27 10:58:03,386,0,0,1022,6,831,4170,22,1217,88,26,106,0,4,1648
2017-02-27 10:59:03,637,0,0,1011,5,784,2533,22,1983,92,26,114,0,3,1792
2017-02-27 11:00:03,429,0,0,1259,7,768,2605,22,773,229,26,120,0,3,1679
2017-02-27 11:01:03,626,0,0,2459,4,862,4761,25,2639,266,26,133,0,3,1645
2017-02-27 11:02:03,483,0,0,1410,5,784,2680,25,1766,228,26,109,0,2,1641
2017-02-27 11:03:03,553,0,0,2454,5,785,2373,22,2585,465,26,110,0,4,1673
2017-02-27 11:04:03,457,0,0,973,3069,750,2686,22,709,933,26,106,0,3,1672
2017-02-27 11:05:04,471,0,0,1434,3289,827,2927,22,1084,108,26,123,0,10,2163
2017-02-27 11:06:04,3332,0,0,1827,6,835,2437,25,2707,921,26,127,0,3,1398
2017-02-27 11:07:04,757,0,0,1174,6,758,2383,26,1742,80,26,108,0,2,2382
2017-02-27 11:08:04,778,0,0,2506,6,755,2287,22,1275,83,26,108,0,4,1734
2017-02-27 11:09:04,444,0,0,1003,8,803,2241,22,2033,94,27,107,0,4,1744
2017-02-27 11:10:04,481,0,0,1236,19,818,2403,22,1817,79,26,112,0,9,1757
2017-02-27 11:11:04,451,0,0,1147,4,807,3007,25,2038,139,26,114,0,3,1771
2017-02-27 11:12:04,526,0,0,961,6,765,2554,25,2175,226,30,183,0,3,1555
2017-02-27 11:13:04,418,0,0,1108,27,712,2469,22,2349,81,29,169,0,2,1765
2017-02-27 11:14:04,642,0,0,952,6,782,2845,22,2419,79,32,134,0,3,1873
2017-02-27 11:15:04,367,0,0,963,5,774,2930,22,2625,99,26,100,0,4,1699
2017-02-27 11:16:05,499,0,0,936,6,793,2415,25,2681,81,26,110,0,2,1880
2017-02-27 11:17:05,463,0,0,1077,23,753,2372,25,1704,79,26,117,0,3,1791
2017-02-27 11:18:05,367,0,0,915,13,759,2349,22,1281,77,26,284,0,4,1852
2017-02-27 11:19:05,301,0,0,912,4174,729,2380,22,897,73,25,250,0,3,1211
2017-02-27 11:20:05,482,0,0,1026,5157,800,2442,22,978,102,26,109,0,4,1031
2017-02-27 11:21:05,475,0,0,883,410,827,2990,25,1619,75,26,114,0,3,1665
2017-02-27 11:22:05,391,0,0,964,4,751,2545,25,724,75,26,126,0,2,1883
2017-02-27 11:23:05,443,0,0,1338,5,741,2421,22,625,94,26,85,0,4,1751
2017-02-27 11:24:05,283,0,0,2344,7,716,2763,22,584,76,26,104,0,4,2379
2017-02-27 11:25:05,358,0,0,1513,8,757,2664,22,644,495,26,225,0,4,1904
2017-02-27 11:26:06,2521,0,0,959,5,816,2250,25,1174,96,26,105,0,3,1723
2017-02-27 11:27:06,945,0,0,918,5,704,2333,25,793,501,26,112,0,3,1669
2017-02-27 11:28:06,527,0,0,936,7,698,2369,22,915,903,25,102,0,4,1915
2017-02-27 11:29:06,386,0,0,900,4,691,2356,22,820,72,26,104,0,3,1856
2017-02-27 11:30:06,557,0,0,1106,5,749,2461,22,728,502,26,112,0,3,1781
2017-02-27 11:31:06,362,0,0,1286,5,718,3322,36,717,86,26,104,0,2,1868
2017-02-27 11:32:06,606,0,0,905,5,1108,2412,26,627,847,26,123,0,3,1825
2017-02-27 11:33:06,500,0,0,892,5,711,2440,22,655,151,26,188,0,4,1796
2017-02-27 11:34:06,453,0,0,886,3209,706,2934,22,678,72,26,209,0,4,1344
2017-02-27 11:35:06,417,0,0,959,2859,730,2821,22,857,80,26,95,0,4,1640
2017-02-27 11:36:07,444,0,0,928,7,877,2335,25,1010,82,26,107,0,3,1946
2017-02-27 11:37:07,322,0,0,854,43,709,2322,25,612,86,27,104,0,2,1875
2017-02-27 11:38:07,476,0,0,895,6,698,2318,22,1157,90,26,108,0,4,1746
2017-02-27 11:39:07,308,0,0,820,6,690,2280,22,605,69,26,114,0,4,1885
2017-02-27 11:40:07,365,0,0,881,6,716,2314,22,792,77,26,106,0,3,1851
2017-02-27 11:41:07,492,0,0,1338,8,895,3036,25,643,77,26,107,0,3,1755
2017-02-27 11:42:07,337,0,0,869,9,757,2461,25,638,76,28,149,0,3,1720
2017-02-27 11:43:07,259,0,0,860,6,681,2506,22,598,76,26,103,0,2,1843
2017-02-27 11:44:07,484,0,0,842,6,676,2798,22,610,77,25,103,0,3,1922
2017-02-27 11:45:07,368,0,0,850,4,743,2612,22,774,96,26,107,0,3,1664
2017-02-27 11:46:08,2601,0,0,880,4,846,2278,25,593,73,26,105,0,2,1700
2017-02-27 11:47:08,591,0,0,909,5,677,2247,25,689,81,26,100,0,3,1878
2017-02-27 11:48:08,472,0,0,852,5,664,2248,22,702,75,26,108,0,3,1947
2017-02-27 11:49:08,367,0,0,808,4352,681,2231,22,539,77,26,104,0,3,1135
2017-02-27 11:50:08,596,0,0,823,5119,780,2303,22,563,76,26,224,0,3,989
2017-02-27 11:51:08,374,0,0,862,110,740,3137,25,1135,85,26,87,0,3,1758
2017-02-27 11:52:08,444,0,0,731,6,681,2249,25,558,84,25,105,0,3,1884
2017-02-27 11:53:08,383,0,0,796,5,681,2309,22,556,85,26,101,0,3,1790
2017-02-27 11:54:08,282,0,0,917,6,676,3352,22,536,74,26,80,0,4,1671
2017-02-27 11:55:08,479,0,0,807,6,758,2456,22,707,75,26,113,0,3,1941
2017-02-27 11:56:09,380,0,0,854,5,796,2236,25,1279,73,26,102,0,3,2519
2017-02-27 11:57:09,549,0,0,742,5,667,2162,25,644,88,26,103,0,3,2856
2017-02-27 11:58:09,309,0,0,993,7,667,2294,26,564,96,25,99,0,3,1703
2017-02-27 11:59:09,349,0,0,738,8,674,2308,22,629,66,26,112,0,3,1860
2017-02-27 12:00:09,363,0,0,1569,5,759,3424,22,719,234,26,136,0,4,1926
2017-02-27 12:01:09,1041,0,0,4947,5,1101,3960,25,2382,113,26,331,0,2,1430
2017-02-27 12:02:09,435,0,0,4965,6,730,2445,25,704,72,25,224,0,3,1680
2017-02-27 12:03:09,417,0,0,4621,5,645,2383,22,638,73,25,183,0,4,1924
2017-02-27 12:04:09,301,0,0,2147,3592,623,2712,22,748,73,26,294,0,9,1315
2017-02-27 12:05:09,505,0,0,1357,2666,670,2519,22,951,75,29,158,0,3,1817
2017-02-27 12:06:10,3116,0,0,1057,6,727,2338,25,1792,108,26,231,0,3,1684
2017-02-27 12:07:10,516,0,0,759,5,615,2143,25,998,927,25,143,0,2,1841
2017-02-27 12:08:10,397,0,0,691,4,647,2223,22,914,1128,26,132,0,3,1733
2017-02-27 12:09:10,367,0,0,676,9,676,2230,22,827,152,25,170,0,8,1789
2017-02-27 12:10:10,449,0,0,841,17,756,2256,22,977,78,25,146,0,2,1716
2017-02-27 12:11:10,433,0,0,813,5,647,2912,25,1001,226,25,108,0,3,1585
2017-02-27 12:12:10,383,0,0,753,7,595,2364,25,878,71,28,142,0,3,1918
2017-02-27 12:13:10,280,0,0,711,7,607,2400,22,661,134,26,97,0,2,2054
2017-02-27 12:14:10,313,0,0,706,4,601,2866,22,581,65,26,87,0,3,1776
2017-02-27 12:15:10,549,0,0,785,4,643,2405,22,611,91,26,89,0,3,1720
2017-02-27 12:16:11,356,0,0,715,4,667,2164,25,821,74,25,97,0,2,2014
2017-02-27 12:17:11,450,0,0,753,8,648,2137,25,482,67,27,99,0,3,1888
2017-02-27 12:18:11,238,0,0,730,5,641,2195,22,618,70,26,101,0,4,1775
2017-02-27 12:19:11,257,0,0,644,4619,594,2225,22,507,72,26,92,0,4,1001
2017-02-27 12:20:11,317,0,0,722,5583,680,2420,22,547,72,26,105,0,4,1534
2017-02-27 12:21:11,346,0,0,696,5,631,2763,25,912,73,25,105,0,3,2038
2017-02-27 12:22:11,313,0,0,682,5,663,2060,25,641,69,26,102,0,2,1821
2017-02-27 12:23:11,312,0,0,678,5,635,2274,22,558,75,26,123,0,4,2092
2017-02-27 12:24:11,276,0,0,660,7,655,2806,22,510,64,25,100,0,5,1768
2017-02-27 12:25:11,333,0,0,655,5,704,2240,22,536,85,25,99,0,3,2038
2017-02-27 12:26:12,1980,0,0,593,6,611,2107,25,523,73,25,101,0,3,1579
2017-02-27 12:27:12,521,0,0,655,5,609,2118,25,626,80,26,102,0,3,2076
2017-02-27 12:28:12,324,0,0,691,5,605,2168,22,613,83,25,105,0,3,1773
2017-02-27 12:29:12,424,0,0,647,5,627,2154,22,479,506,26,102,0,3,1780
2017-02-27 12:30:12,381,0,0,769,6,736,2538,22,487,181,26,105,0,3,1760
2017-02-27 12:31:12,295,0,0,649,5,699,2872,25,491,78,26,105,0,2,1948
2017-02-27 12:32:12,324,0,0,553,7,576,2232,25,487,64,25,97,0,3,1782
2017-02-27 12:33:12,391,0,0,664,5,609,2350,22,520,70,26,102,0,4,1813
2017-02-27 12:34:12,264,0,0,626,5116,586,2769,22,575,64,26,79,0,4,1561
2017-02-27 12:35:12,597,0,0,678,2107,682,2779,22,625,73,26,103,0,4,1898
2017-02-27 12:36:13,310,0,0,657,5,598,2097,25,430,82,25,102,0,3,1658
2017-02-27 12:37:13,327,0,0,667,7,578,2065,25,469,66,26,112,0,2,1922
2017-02-27 12:38:13,314,0,0,660,4,581,2232,22,502,66,25,100,0,3,1746
2017-02-27 12:39:13,291,0,0,591,7,563,2221,22,476,70,26,110,0,5,1833
2017-02-27 12:40:13,536,0,0,643,4,739,2451,22,589,69,25,216,0,2,1730
2017-02-27 12:41:13,482,0,0,693,5,801,2729,25,502,75,26,108,0,3,2930
2017-02-27 12:42:13,305,0,0,677,6,761,2073,25,548,63,29,147,0,3,1860
2017-02-27 12:43:13,280,0,0,748,6,786,2307,22,494,67,26,101,0,2,1818
2017-02-27 12:44:13,310,0,0,566,5,602,2949,22,815,65,26,106,0,3,1785
2017-02-27 12:45:13,482,0,0,723,5,623,2319,22,747,70,26,106,0,3,2500
2017-02-27 12:46:14,1775,0,0,739,5,625,2150,25,518,64,26,103,0,2,2161
2017-02-27 12:47:14,773,0,0,830,6,608,2164,25,608,65,26,102,0,3,2510
2017-02-27 12:48:14,465,0,0,776,5,589,2136,22,586,78,26,101,0,4,1835
2017-02-27 12:49:14,424,0,0,627,5045,595,2080,22,511,65,26,81,0,3,1064
2017-02-27 12:50:14,413,0,0,623,4958,659,2371,22,568,67,38,171,0,3,999
2017-02-27 12:51:14,329,0,0,689,5,727,2697,25,498,895,26,109,0,3,1903
2017-02-27 12:52:14,361,0,0,649,7,632,2169,25,869,68,26,107,0,2,1891
2017-02-27 12:53:14,350,0,0,605,4,568,2314,22,381,62,26,104,0,4,1923
2017-02-27 12:54:14,221,0,0,1316,8,534,2793,22,459,62,26,85,0,4,1759
2017-02-27 12:55:14,506,0,0,596,4,609,2300,22,509,66,26,124,0,2,1761
2017-02-27 12:56:15,314,0,0,687,4,560,2202,25,500,61,26,112,0,3,1993
2017-02-27 12:57:15,391,0,0,811,4,555,2126,25,478,78,25,108,0,3,1856
2017-02-27 12:58:15,263,0,0,634,5,594,2249,22,492,67,26,101,0,4,1782
2017-02-27 12:59:15,276,0,0,483,4,592,2107,22,464,64,25,100,0,3,1860
2017-02-27 13:00:15,463,0,0,727,5,662,3876,22,961,67,26,105,0,3,1923
2017-02-27 13:01:15,492,0,0,867,5,831,3575,25,1298,90,26,135,0,3,1670
2017-02-27 13:02:15,436,0,0,615,6,567,2193,25,565,65,25,101,0,3,1919
2017-02-27 13:03:15,610,0,0,531,4,554,2319,22,512,65,25,102,0,3,1921
2017-02-27 13:04:15,283,0,0,556,4187,549,2851,22,463,61,26,105,0,9,1123
2017-02-27 13:05:15,1036,0,0,728,2063,700,2260,22,647,62,26,107,0,3,1779
2017-02-27 13:06:16,1347,0,0,879,5,737,2093,25,1129,75,26,122,0,3,1802
2017-02-27 13:07:16,695,0,0,702,7,662,2063,25,652,65,26,101,0,3,1923
2017-02-27 13:08:16,418,0,0,771,4,553,2212,22,653,60,26,101,0,4,1834
2017-02-27 13:09:16,340,0,0,556,11,540,2115,22,472,60,26,99,0,9,1820
2017-02-27 13:10:16,447,0,0,756,15,665,2470,22,577,68,26,120,0,3,1844
2017-02-27 13:11:16,316,0,0,708,4,689,2862,25,510,62,26,103,0,3,1927
2017-02-27 13:12:16,319,0,0,773,4,572,2053,25,501,65,29,147,0,3,1923
2017-02-27 13:13:16,215,0,0,639,5,554,2284,22,456,65,26,110,0,4,1948
2017-02-27 13:14:16,317,0,0,560,4,516,2734,22,523,65,26,79,0,4,1858
2017-02-27 13:15:16,569,0,0,852,5,634,2265,22,544,74,26,111,0,3,1742
2017-02-27 13:16:17,284,0,0,1406,5,723,2097,25,478,77,26,219,0,3,1898
2017-02-27 13:17:17,369,0,0,1712,6,643,2108,25,472,66,25,192,0,3,1781
2017-02-27 13:18:17,285,0,0,2426,4,549,2159,22,763,67,26,111,0,3,1807
2017-02-27 13:19:17,274,0,0,473,5110,536,2055,22,549,64,26,101,0,3,919
2017-02-27 13:20:17,323,0,0,760,4949,640,2249,22,792,64,26,103,0,4,1311
2017-02-27 13:21:17,439,0,0,718,6,558,2699,25,599,65,26,102,0,3,1929
2017-02-27 13:22:17,434,0,0,619,6,519,2367,25,1059,64,27,100,0,3,1690
2017-02-27 13:23:17,421,0,0,776,5,553,2425,22,532,64,26,104,0,4,1882
2017-02-27 13:24:17,341,0,0,697,7,542,2922,22,1207,62,26,105,0,5,1775
2017-02-27 13:25:17,507,0,0,680,6,633,2341,22,510,63,26,103,0,3,1680
2017-02-27 13:26:18,1497,0,0,711,5,562,2158,25,482,64,26,104,0,3,1785
2017-02-27 13:27:18,797,0,0,651,6,504,2093,25,612,82,25,114,0,3,1924
2017-02-27 13:28:18,340,0,0,754,6,534,2256,22,763,65,26,99,0,3,1653
2017-02-27 13:29:18,294,0,0,644,4,528,2194,22,549,63,26,109,0,3,1919
2017-02-27 13:30:18,375,0,0,690,5,646,2695,22,1265,67,26,152,0,3,1058
2017-02-27 13:31:18,241,0,0,574,5,537,2828,25,621,81,25,106,0,3,1763
2017-02-27 13:32:18,322,0,0,600,7,495,2224,25,465,65,25,100,0,3,1876
2017-02-27 13:33:18,446,0,0,568,6,541,2379,22,479,67,25,98,0,4,1922
2017-02-27 13:34:18,288,0,0,493,5690,540,2745,22,456,65,25,79,0,4,1378
2017-02-27 13:35:18,610,0,0,682,1599,619,2375,22,551,152,26,122,0,4,1918
2017-02-27 13:36:19,291,0,0,599,5,540,2175,25,1408,490,26,108,0,3,1751
2017-02-27 13:37:19,367,0,0,597,5,560,2221,25,1729,65,25,96,0,3,1831
2017-02-27 13:38:19,309,0,0,665,6,554,2217,22,1993,640,26,97,0,4,1653
2017-02-27 13:39:19,260,0,0,611,6,550,2226,22,1185,1525,25,96,0,4,2987
2017-02-27 13:40:19,362,0,0,1550,6,608,2435,22,625,68,26,103,0,3,2308
2017-02-27 13:41:19,432,0,0,1495,6,538,2767,25,521,66,26,106,0,3,1725
2017-02-27 13:42:19,429,0,0,684,6,510,2323,25,541,67,28,145,0,3,1198
2017-02-27 13:43:19,274,0,0,627,4,529,2260,22,518,87,26,96,0,4,1771
2017-02-27 13:44:19,269,0,0,745,6,545,2745,22,2335,68,26,108,0,3,2185
2017-02-27 13:45:19,483,0,0,657,6,634,2342,22,3705,75,26,80,0,3,1652
2017-02-27 13:46:20,1134,0,0,663,5,535,2278,25,2598,66,26,112,0,3,1840
2017-02-27 13:47:20,706,0,0,672,6,569,2311,25,3354,78,26,105,0,3,1776
2017-02-27 13:48:20,253,0,0,828,45,560,2584,22,4154,65,26,227,0,3,1629
2017-02-27 13:49:20,257,0,0,701,5430,555,2262,22,3418,70,26,99,0,3,845
2017-02-27 13:50:20,378,0,0,748,4506,641,2517,22,3518,68,26,113,0,3,1382
2017-02-27 13:51:20,369,0,0,899,5,541,2897,25,3836,872,26,114,0,3,1653
2017-02-27 13:52:20,324,0,0,1890,6,549,2304,25,3718,69,26,105,0,3,1921
2017-02-27 13:53:20,284,0,0,1557,5,608,2424,22,2333,65,26,106,0,4,1714
2017-02-27 13:54:20,275,0,0,1987,6,575,3271,22,489,79,26,76,0,4,1614
2017-02-27 13:55:20,573,0,0,2549,5,685,2411,22,585,483,26,107,0,3,1549
2017-02-27 13:56:21,408,0,0,2408,5,551,2181,25,562,66,26,106,0,3,1470
2017-02-27 13:57:21,456,0,0,3267,5,567,2118,25,870,79,26,108,0,3,1464
2017-02-27 13:58:21,319,0,0,3205,7,580,2175,22,857,71,26,107,0,4,1505
2017-02-27 13:59:21,371,0,0,2344,6,527,2163,22,409,64,25,101,0,3,1448
2017-02-27 14:00:21,486,0,0,2667,6,692,3858,22,957,903,26,142,0,3,2912
2017-02-27 14:01:21,824,0,0,2301,6,767,3484,25,1141,1326,26,104,0,3,1638
2017-02-27 14:02:21,458,0,0,2676,7,635,2491,25,727,66,26,111,0,3,1756
2017-02-27 14:03:21,467,0,0,2266,89,616,2353,22,951,67,26,112,0,3,2090
2017-02-27 14:04:21,312,0,0,2481,4509,576,2729,22,690,71,26,104,0,9,1050
2017-02-27 14:05:21,1274,0,0,2560,1650,679,2469,22,639,99,26,151,0,3,1488
2017-02-27 14:06:22,1094,0,0,2506,5,636,2454,25,1387,81,26,164,0,3,1557
2017-02-27 14:07:22,782,0,0,1975,6,579,2205,25,1324,69,26,106,0,3,1442
2017-02-27 14:08:22,477,0,0,1626,6,641,2365,22,846,68,26,120,0,4,1729
2017-02-27 14:09:22,455,0,0,1525,12,569,2115,22,474,72,25,101,0,9,1777
2017-02-27 14:10:22,443,0,0,1615,13,767,2729,22,725,79,26,115,0,3,1648
2017-02-27 14:11:22,500,0,0,1664,5,758,2840,25,548,71,26,103,0,3,1579
2017-02-27 14:12:22,414,0,0,1484,7,604,2300,25,497,69,29,135,0,3,1569
2017-02-27 14:13:22,386,0,0,1753,5,608,2333,22,582,88,26,78,0,3,2689
2017-02-27 14:14:22,390,0,0,728,6,598,2897,22,534,122,26,102,0,3,3040
2017-02-27 14:15:22,700,0,0,826,4,695,2541,22,925,84,26,110,0,3,3404
2017-02-27 14:16:23,322,0,0,753,5,592,2299,25,525,73,25,97,0,3,2186
2017-02-27 14:17:23,402,0,0,846,8,590,2274,25,613,72,26,108,0,3,1771
2017-02-27 14:18:23,276,0,0,809,273,624,2260,22,703,71,26,110,0,3,2356
2017-02-27 14:19:23,350,0,0,1074,5457,637,2278,22,1119,462,26,113,0,3,1405
2017-02-27 14:20:23,433,0,0,1431,4330,708,2586,22,1084,91,26,105,0,3,1626
2017-02-27 14:21:23,639,0,0,729,6,674,2790,25,466,71,26,102,0,3,3036
2017-02-27 14:22:23,477,0,0,707,6,627,2353,25,1073,85,26,101,0,3,2616
2017-02-27 14:23:23,372,0,0,751,5,623,2425,22,1002,63,26,103,0,4,3180
2017-02-27 14:24:23,478,0,0,830,8,632,2925,22,556,72,26,115,0,5,1926
2017-02-27 14:25:23,915,0,0,1243,5,679,2381,22,588,72,26,112,0,4,2202
2017-02-27 14:26:24,1264,0,0,1635,6,652,2244,25,524,67,26,113,0,3,1848
2017-02-27 14:27:24,796,0,0,8645,9,666,2374,25,747,83,26,105,0,3,2712
2017-02-27 14:28:24,434,0,0,8061,4,676,2487,22,607,71,26,108,0,4,2191
2017-02-27 14:29:24,445,0,0,8001,5,661,2256,22,568,74,26,114,0,4,1509
2017-02-27 14:30:24,466,0,0,8306,5,783,2808,22,603,82,26,113,0,3,1592
2017-02-27 14:31:24,399,0,0,7581,4,692,2965,25,548,90,26,226,0,3,1679
2017-02-27 14:32:24,412,0,0,9342,10,639,2365,25,540,70,26,99,0,3,1986
2017-02-27 14:33:24,463,0,0,7814,364,667,2486,22,612,78,26,80,0,4,1977
2017-02-27 14:34:24,309,0,0,5423,4696,642,2943,22,819,68,26,110,0,4,1221
2017-02-27 14:35:24,1109,0,0,8864,1193,659,2483,22,954,76,26,105,0,4,1451
2017-02-27 14:36:25,299,0,0,8174,6,668,2263,25,714,75,26,121,0,3,1629
2017-02-27 14:37:25,502,0,0,971,6,652,2346,25,1398,77,26,105,0,3,1876
2017-02-27 14:38:25,371,0,0,987,4,643,2505,22,808,86,26,108,0,3,1780
2017-02-27 14:39:25,371,0,0,769,8,668,2290,22,579,70,26,94,0,4,1864
2017-02-27 14:40:25,410,0,0,995,4,824,2665,22,730,73,26,102,0,4,1751
2017-02-27 14:41:25,468,0,0,748,5,645,2813,25,651,75,26,111,0,3,1824
2017-02-27 14:42:25,485,0,0,736,6,629,2440,25,621,198,29,149,0,3,2324
2017-02-27 14:43:25,297,0,0,761,5,666,2518,22,844,196,26,99,0,3,1815
2017-02-27 14:44:25,387,0,0,928,5,681,2976,22,659,71,26,104,0,3,1884
2017-02-27 14:45:25,917,0,0,2155,4,669,2482,22,650,80,26,110,0,3,1650
2017-02-27 14:46:26,1759,0,0,1960,5,638,2203,25,532,73,26,102,0,3,1802
2017-02-27 14:47:26,1149,0,0,778,6,664,2207,25,731,95,26,103,0,3,1772
2017-02-27 14:48:26,329,0,0,964,532,686,2473,22,653,72,25,102,0,3,1933
2017-02-27 14:49:26,328,0,0,965,5568,721,2395,22,582,69,26,105,0,3,905
2017-02-27 14:50:26,542,0,0,995,3972,718,2744,22,610,74,26,115,0,2,1321
2017-02-27 14:51:26,370,0,0,1084,5,693,2769,25,568,79,25,96,0,3,1790
2017-02-27 14:52:26,371,0,0,1082,5,697,2383,25,1190,85,26,111,0,3,1784
2017-02-27 14:53:26,338,0,0,1054,5,681,2641,22,5553,68,26,79,0,4,1382
2017-02-27 14:54:26,343,0,0,1004,6,682,2921,22,878,106,26,102,0,5,1792
2017-02-27 14:55:26,1068,0,0,1525,4,729,2451,22,1277,68,26,108,0,3,1668
2017-02-27 14:56:27,534,0,0,967,5,692,2453,25,1323,76,25,99,0,3,1496
2017-02-27 14:57:27,509,0,0,956,5,675,2291,25,1643,82,26,106,0,3,1651
2017-02-27 14:58:27,294,0,0,944,6,707,2384,22,1882,72,25,103,0,4,1784
2017-02-27 14:59:27,417,0,0,935,5,673,2449,22,594,79,26,102,0,4,1786
2017-02-27 15:00:27,488,0,0,1867,4,736,4407,22,3570,137,26,119,0,3,1651
2017-02-27 15:01:27,571,0,0,1371,4,664,3233,25,2763,78,26,127,0,3,1578
2017-02-27 15:02:27,634,0,0,1152,7,691,2567,25,681,88,26,106,0,3,1737
2017-02-27 15:03:27,541,0,0,1117,519,698,2569,22,1310,75,26,116,0,3,1655
2017-02-27 15:04:27,314,0,0,1164,4737,726,3125,22,927,75,27,110,0,10,1073
2017-02-27 15:05:27,1043,0,0,2071,975,939,2554,22,1589,505,26,117,0,2,2740
2017-02-27 15:06:28,2027,0,0,1819,5,1074,2628,25,1214,77,25,120,0,3,3691
2017-02-27 15:07:28,804,0,0,945,5,783,2289,25,1376,79,26,323,0,3,2594
2017-02-27 15:08:28,375,0,0,1055,5,728,2448,22,1162,73,26,117,0,4,2193
2017-02-27 15:09:28,330,0,0,1167,12,692,2508,22,1479,88,26,115,0,10,2302
2017-02-27 15:10:28,475,0,0,1865,10,777,2674,22,1549,76,26,104,0,3,1697
2017-02-27 15:11:28,358,0,0,1538,5,910,2856,25,1930,79,26,101,0,2,1648
2017-02-27 15:12:28,377,0,0,2277,6,789,2909,25,1616,71,29,125,0,3,2111
2017-02-27 15:13:28,335,0,0,1520,5,771,2549,22,808,72,26,106,0,3,1805
2017-02-27 15:14:28,426,0,0,1230,4,776,2927,22,1186,77,26,110,0,4,2192
2017-02-27 15:15:28,867,0,0,3205,4,833,2594,22,2247,87,26,106,0,3,1513
2017-02-27 15:16:29,293,0,0,1562,5,771,2494,25,1024,89,26,103,0,3,1821
2017-02-27 15:17:29,609,0,0,1417,5,747,2308,25,805,78,26,111,0,2,1654
2017-02-27 15:18:29,354,0,0,1487,804,736,2441,22,852,89,26,114,0,4,1722
2017-02-27 15:19:29,348,0,0,1065,5192,762,2191,22,646,90,26,103,0,4,1434
2017-02-27 15:20:29,499,0,0,1698,3607,869,2578,22,819,122,26,108,0,2,1977
2017-02-27 15:21:29,534,0,0,1512,5,827,2869,25,881,176,26,108,0,3,1499
2017-02-27 15:22:29,437,0,0,1722,4,789,2439,25,847,162,26,108,0,3,1774
2017-02-27 15:23:29,425,0,0,1352,5,786,2489,22,1119,110,26,109,0,4,1803
2017-02-27 15:24:29,363,0,0,1621,4,796,3351,22,746,88,26,112,0,4,1790
2017-02-27 15:25:29,900,0,0,2058,5,880,2740,22,712,76,26,105,0,3,1782
2017-02-27 15:26:30,1618,0,0,1655,4,760,2359,25,777,79,26,124,0,2,2157
2017-02-27 15:27:30,838,0,0,1660,6,769,2288,25,969,84,26,110,0,3,3407
2017-02-27 15:28:30,335,0,0,1372,3,758,2322,22,891,89,26,128,0,3,2463
2017-02-27 15:29:30,386,0,0,1630,4,802,2534,22,716,69,26,104,0,3,2434
2017-02-27 15:30:30,500,0,0,1810,4,896,3944,25,815,72,26,106,0,3,2240
2017-02-27 15:31:30,365,0,0,1253,5,742,3146,34,738,82,28,152,0,3,1932
2017-02-27 15:32:30,535,0,0,1780,4,746,2473,28,795,199,26,94,0,2,1525
2017-02-27 15:33:30,479,0,0,1147,716,780,2745,22,775,133,26,156,0,4,1780
2017-02-27 15:34:30,278,0,0,1007,4814,755,3218,22,1007,71,26,180,0,3,1183
2017-02-27 15:35:30,978,0,0,1805,613,751,2593,22,831,91,26,84,0,3,1816
2017-02-27 15:36:31,345,0,0,1059,5,725,2355,25,783,902,26,136,0,3,1688
2017-02-27 15:37:31,524,0,0,981,5,720,2361,25,640,172,26,108,0,4,1915
2017-02-27 15:38:31,372,0,0,1034,3,746,2414,22,724,127,26,108,0,4,1781
2017-02-27 15:39:31,391,0,0,1085,7,726,2499,22,700,72,26,107,0,4,1789
2017-02-27 15:40:31,397,0,0,1290,4,743,2794,22,765,82,26,137,0,3,1891
2017-02-27 15:41:31,567,0,0,1129,5,674,2850,25,815,74,26,324,0,2,1681
2017-02-27 15:42:31,411,0,0,1302,5,670,2565,25,986,84,29,181,0,3,1652
2017-02-27 15:43:31,337,0,0,1051,4,694,2486,22,680,129,26,106,0,4,1921
2017-02-27 15:44:31,428,0,0,1198,6,707,3051,22,698,76,25,101,0,2,1700
2017-02-27 15:45:31,935,0,0,1304,4,732,2416,22,1013,84,26,116,0,3,1870
2017-02-27 15:46:32,1736,0,0,1023,4,659,2231,25,659,78,26,105,0,3,1661
2017-02-27 15:47:32,815,0,0,996,4,679,2158,25,803,77,26,110,0,2,1913
2017-02-27 15:48:32,347,0,0,1267,1013,714,2456,22,795,92,25,104,0,4,1574
2017-02-27 15:49:32,480,0,0,866,5220,693,2462,22,624,77,26,103,0,3,727
2017-02-27 15:50:32,535,0,0,1121,3023,814,3099,22,773,82,29,106,0,2,1335
2017-02-27 15:51:32,381,0,0,1109,4,751,3308,25,636,78,26,108,0,3,1923
2017-02-27 15:52:32,341,0,0,977,5,746,2663,25,688,88,26,81,0,3,1743
2017-02-27 15:53:32,408,0,0,1030,4,765,2814,22,647,80,26,102,0,3,1826
2017-02-27 15:54:32,392,0,0,1009,7,783,3376,22,1037,92,26,106,0,4,1920
2017-02-27 15:55:32,909,0,0,1082,5,838,2795,22,792,77,26,103,0,3,1650
2017-02-27 15:56:33,480,0,0,1379,6,778,2552,25,693,76,26,107,0,2,1889
2017-02-27 15:57:33,538,0,0,1261,6,854,2514,25,694,90,26,117,0,3,1697
2017-02-27 15:58:33,383,0,0,1626,4,749,2587,22,592,80,26,108,0,3,1754
2017-02-27 15:59:33,446,0,0,2032,5,757,2499,22,1237,76,27,122,0,3,2319
2017-02-27 16:00:33,999,0,0,2031,4,789,4920,22,2138,99,26,116,0,3,1409
2017-02-27 16:01:33,704,0,0,2078,5,652,3413,25,1024,88,26,144,0,3,1660
2017-02-27 16:02:33,521,0,0,1201,6,659,2696,25,692,73,26,204,0,2,1653
2017-02-27 16:03:33,506,0,0,1115,990,686,2711,22,764,68,26,108,0,4,1746
2017-02-27 16:04:33,372,0,0,1692,5109,677,3126,22,766,69,26,117,0,9,1266
2017-02-27 16:05:33,1874,0,0,1101,295,708,2611,22,1735,92,26,109,0,3,1684
2017-02-27 16:06:33,1563,0,0,1164,5,625,2509,25,1343,74,26,126,0,3,1722
2017-02-27 16:07:34,752,0,0,964,5,655,2411,25,1165,77,26,114,0,3,2403
2017-02-27 16:08:34,547,0,0,974,4,660,2479,22,1147,86,26,112,0,3,1898
2017-02-27 16:09:34,422,0,0,979,14,667,2477,22,1011,70,26,111,0,10,1759
2017-02-27 16:10:34,435,0,0,1358,8,653,3112,22,1183,75,26,108,0,3,1577
2017-02-27 16:11:34,462,0,0,1005,4,615,2733,25,1002,72,26,107,0,3,2158
2017-02-27 16:12:34,417,0,0,1887,8,646,2345,25,1129,74,29,125,0,3,2155
2017-02-27 16:13:34,376,0,0,1234,5,658,2473,22,984,78,26,108,0,4,1792
2017-02-27 16:14:34,445,0,0,955,6,662,3135,22,1458,68,29,172,0,4,2175
2017-02-27 16:15:34,1001,0,0,1478,4,669,2666,22,1744,75,29,229,0,3,1767
2017-02-27 16:16:34,391,0,0,2824,5,624,2295,25,1127,86,32,229,0,3,1568
2017-02-27 16:17:35,649,0,0,1914,5,654,2291,25,1039,75,31,164,0,3,1900
2017-02-27 16:18:35,359,0,0,1078,1344,660,2653,22,1056,69,31,208,0,3,1456
2017-02-27 16:19:35,382,0,0,990,5111,651,2393,22,958,504,30,170,0,3,874
2017-02-27 16:20:35,614,0,0,1043,3080,661,2942,22,1126,76,33,371,0,2,1652
2017-02-27 16:21:35,447,0,0,982,4,628,2767,25,1176,75,60,374,0,3,1650
2017-02-27 16:22:35,474,0,0,1155,4,632,2434,25,1203,80,26,182,0,3,1919
2017-02-27 16:23:35,454,0,0,1593,4,642,2584,22,1199,87,26,165,0,4,1649
2017-02-27 16:24:35,394,0,0,1417,7,735,3097,22,1214,79,25,129,0,4,1730
2017-02-27 16:25:35,1108,0,0,2008,3,663,2516,22,1050,131,193,502,0,3,1657
2017-02-27 16:26:36,1659,0,0,1899,5,645,2421,25,1148,158,26,504,0,2,1329
2017-02-27 16:27:36,762,0,0,1299,4,653,2456,25,1259,90,26,1853,0,3,1576
2017-02-27 16:28:36,391,0,0,1343,5,676,2576,22,1075,98,25,1625,0,4,1588
2017-02-27 16:29:36,556,0,0,1002,5,650,2397,22,768,75,27,1955,0,3,1763
2017-02-27 16:30:36,590,0,0,1063,4,655,3078,22,831,82,25,2079,0,3,1752
2017-02-27 16:31:36,399,0,0,963,4,640,2865,25,801,77,25,1838,0,3,1826
2017-02-27 16:32:36,512,0,0,933,4,639,2581,25,1007,75,49,1483,0,2,1717
2017-02-27 16:33:36,545,0,0,1249,1081,655,2628,22,1446,496,26,107,0,4,1673
2017-02-27 16:34:36,396,0,0,1272,5043,667,2953,22,1113,81,26,107,0,3,1020
2017-02-27 16:35:36,1128,0,0,1073,35,670,2577,22,1094,93,26,107,0,3,1681
2017-02-27 16:36:37,390,0,0,1018,5,653,2339,25,935,66,26,102,0,3,1923
2017-02-27 16:37:37,559,0,0,1068,5,659,2390,25,724,74,26,106,0,4,1858
2017-02-27 16:38:37,491,0,0,1043,5,678,2424,22,733,82,25,99,0,3,1760
2017-02-27 16:39:37,417,0,0,998,7,671,2314,22,774,75,25,99,0,4,1882
2017-02-27 16:40:37,466,0,0,1120,4,693,2901,22,826,82,26,100,0,3,1824
2017-02-27 16:41:37,653,0,0,1180,5,609,2672,25,790,68,26,98,0,2,1756
2017-02-27 16:42:37,444,0,0,1010,5,649,2415,25,809,95,29,162,0,3,1863
2017-02-27 16:43:37,329,0,0,981,5,638,2616,22,799,76,26,126,0,4,2319
2017-02-27 16:44:37,492,0,0,1012,6,636,3134,22,705,77,25,120,0,3,1840
2017-02-27 16:45:37,1232,0,0,1089,5,651,2511,22,764,77,25,118,0,3,1742
2017-02-27 16:46:38,1725,0,0,1133,5,647,2335,25,680,72,25,119,0,2,1833
2017-02-27 16:47:38,985,0,0,987,5,638,2271,25,863,81,30,162,0,3,1844
2017-02-27 16:48:38,402,0,0,1148,1608,660,2313,22,664,91,26,122,0,4,1737
2017-02-27 16:49:38,473,0,0,982,5390,662,2251,22,681,76,37,120,0,3,723
2017-02-27 16:50:38,533,0,0,1023,2782,862,2823,22,711,180,25,115,0,3,1682
2017-02-27 16:51:38,444,0,0,1133,5,652,2840,25,764,75,26,116,0,3,1746
2017-02-27 16:52:38,416,0,0,1114,5,651,2690,25,628,75,25,149,0,2,2000
2017-02-27 16:53:38,462,0,0,1052,4,655,2809,22,651,184,26,120,0,4,1773
2017-02-27 16:54:38,438,0,0,1044,5,656,3094,22,1016,75,25,116,0,4,1745
2017-02-27 16:55:38,1093,0,0,1058,4,637,2526,22,1007,500,25,116,0,2,2479
2017-02-27 16:56:39,461,0,0,1006,5,614,2365,25,997,74,25,124,0,3,2689
2017-02-27 16:57:39,659,0,0,1027,5,651,2437,25,1092,89,25,111,0,3,2473
2017-02-27 16:58:39,453,0,0,1051,5,656,2416,22,1135,78,25,126,0,4,1782
2017-02-27 16:59:39,548,0,0,1041,4,649,2326,22,724,71,26,90,0,3,1768
2017-02-27 17:00:39,649,0,0,1079,5,727,5088,22,2177,88,26,158,0,3,1919
2017-02-27 17:01:39,489,0,0,1100,6,610,2849,25,799,76,26,107,0,2,1769
2017-02-27 17:02:39,510,0,0,894,5,597,2382,25,1306,86,25,102,0,4,1740
2017-02-27 17:03:39,507,0,0,1061,1295,655,2640,22,1147,70,26,110,0,3,2154
2017-02-27 17:04:39,406,0,0,1003,4905,633,3145,22,1834,71,25,228,0,9,1458
2017-02-27 17:05:39,1912,0,0,1163,6,620,2564,22,1550,91,26,363,0,3,1723
2017-02-27 17:06:40,1858,0,0,1032,5,618,2444,28,838,76,25,103,0,3,2341
2017-02-27 17:07:40,930,0,0,1188,5,637,2417,26,1036,79,25,107,0,3,1710
2017-02-27 17:08:40,448,0,0,1008,5,626,2557,22,2037,75,25,107,0,3,2009
2017-02-27 17:09:40,486,0,0,1030,19,647,2460,22,1172,83,25,101,0,10,1732
2017-02-27 17:10:40,537,0,0,1287,4,736,2972,22,1692,73,25,104,0,2,1611
2017-02-27 17:11:40,478,0,0,1053,5,668,2745,25,1161,78,25,104,0,3,1681
2017-02-27 17:12:40,526,0,0,1070,6,634,2480,25,1128,910,28,127,0,3,1812
2017-02-27 17:13:40,438,0,0,1012,7,643,2485,22,1212,75,28,107,0,3,2152
2017-02-27 17:14:40,519,0,0,1025,4,627,2990,22,1133,70,25,104,0,4,1682
2017-02-27 17:15:40,1032,0,0,1547,4,689,2750,22,1000,75,26,122,0,3,2753
2017-02-27 17:16:41,445,0,0,1075,5,675,2424,25,740,71,25,112,0,2,1916
2017-02-27 17:17:41,625,0,0,1067,5,701,2369,25,718,88,26,108,0,3,2048
2017-02-27 17:18:41,419,0,0,1152,1799,704,2382,22,707,70,25,102,0,4,1469
2017-02-27 17:19:41,450,0,0,1038,5448,697,2208,22,876,488,26,110,0,4,855
2017-02-27 17:20:41,646,0,0,1356,2551,716,3043,22,995,81,25,115,0,3,1680
2017-02-27 17:21:41,485,0,0,1537,4,710,2831,25,721,71,25,108,0,3,1826
2017-02-27 17:22:41,478,0,0,1017,3,684,2457,25,833,77,26,106,0,3,1690
2017-02-27 17:23:41,475,0,0,1022,4,694,2594,22,872,75,25,102,0,3,1747
2017-02-27 17:24:41,428,0,0,1186,5,701,3280,22,897,92,25,107,0,4,1832
2017-02-27 17:25:41,1325,0,0,1524,5,694,2497,22,1463,81,25,101,0,2,1842
2017-02-27 17:26:42,1799,0,0,1142,3,684,2352,25,884,69,25,98,0,3,1738
2017-02-27 17:27:42,941,0,0,1018,5,688,2342,25,1152,98,25,83,0,3,2563
2017-02-27 17:28:42,463,0,0,996,4,687,2451,22,937,72,25,101,0,4,2557
2017-02-27 17:29:42,563,0,0,1041,5,689,2408,22,799,76,25,108,0,3,1751
2017-02-27 17:30:42,637,0,0,1369,4,745,3393,22,914,74,26,107,0,3,1901
2017-02-27 17:31:42,528,0,0,1064,5,746,2593,25,763,87,26,109,0,2,1661
2017-02-27 17:32:42,571,0,0,1038,5,746,2406,25,761,76,26,94,0,3,2001
2017-02-27 17:33:42,603,0,0,942,1486,722,2614,22,813,72,26,114,0,4,1546
2017-02-27 17:34:42,439,0,0,1090,4644,757,2999,22,689,593,25,105,0,2,1406
2017-02-27 17:35:42,1210,0,0,1208,4,767,2403,22,835,1022,26,105,0,4,1926
2017-02-27 17:36:43,488,0,0,1219,4,827,2333,25,661,524,26,110,0,3,2185
2017-02-27 17:37:43,641,0,0,1052,4,745,2344,25,625,532,26,126,0,3,2000
2017-02-27 17:38:43,458,0,0,1240,4,729,2359,22,652,71,25,103,0,3,1779
2017-02-27 17:39:43,469,0,0,1039,6,715,2329,22,616,90,25,104,0,4,1772
2017-02-27 17:40:43,631,0,0,1320,3,717,3059,22,851,74,25,107,0,2,2102
2017-02-27 17:41:43,683,0,0,1079,5,729,2726,25,666,73,26,116,0,4,1934
2017-02-27 17:42:43,531,0,0,1039,5,747,2444,25,732,78,28,153,0,3,1736
2017-02-27 17:43:43,431,0,0,938,4,702,2563,22,641,68,26,110,0,4,1831
2017-02-27 17:44:43,499,0,0,985,5,703,3110,22,751,76,26,224,0,3,1871
2017-02-27 17:45:43,1357,0,0,1109,5,735,2505,22,980,73,25,108,0,3,1666
2017-02-27 17:46:44,2052,0,0,972,5,667,2283,25,596,90,25,107,0,2,1952
2017-02-27 17:47:44,2070,0,0,1225,5,706,2205,25,934,73,26,105,0,4,1661
2017-02-27 17:48:44,1442,0,0,1006,2098,731,2350,22,644,76,26,115,0,4,1455
2017-02-27 17:49:44,1490,0,0,933,5346,715,2265,22,654,76,25,97,0,3,826
2017-02-27 17:50:44,1064,0,0,1134,2312,740,2745,22,761,72,25,113,0,3,1592
2017-02-27 17:51:44,498,0,0,933,5,735,2515,25,701,79,25,79,0,3,1684
2017-02-27 17:52:44,574,0,0,942,4,748,2233,25,619,75,25,105,0,2,1680
2017-02-27 17:53:44,1630,0,0,1120,5,744,2579,22,596,87,26,99,0,4,2245
2017-02-27 17:54:44,1321,0,0,1035,6,750,2960,22,771,75,25,85,0,4,2689
2017-02-27 17:55:44,3021,0,0,1045,4,782,2390,22,1431,70,25,112,0,2,2436
2017-02-27 17:56:45,1573,0,0,1009,6,701,2228,25,906,76,25,101,0,3,1915
2017-02-27 17:57:45,1505,0,0,840,6,685,2233,28,753,84,25,103,0,3,2363
2017-02-27 17:58:45,639,0,0,916,5,693,2337,22,877,70,25,101,0,3,1712
2017-02-27 17:59:45,573,0,0,1067,4,672,2199,22,828,66,25,100,0,3,1943
2017-02-27 18:00:45,1354,0,0,1345,5,912,4777,22,2638,79,25,158,0,3,2640
2017-02-27 18:01:45,771,0,0,1162,6,729,2913,25,1940,72,25,103,0,2,2714
2017-02-27 18:02:45,656,0,0,1071,5,684,2298,25,946,88,25,103,0,3,2260
2017-02-27 18:03:45,885,0,0,884,1695,708,2486,22,626,72,25,103,0,4,1649
2017-02-27 18:04:45,801,0,0,1159,4533,736,2974,22,655,72,25,97,0,9,1191
2017-02-27 18:05:45,2341,0,0,1020,6,825,2252,22,1395,121,25,145,0,4,2570
2017-02-27 18:06:46,2431,0,0,1046,5,655,2250,25,1028,75,25,110,0,3,2453
2017-02-27 18:07:46,1947,0,0,1083,5,683,2196,25,950,79,25,102,0,3,2107
2017-02-27 18:08:46,620,0,0,881,5,699,2345,22,693,70,25,105,0,4,1915
2017-02-27 18:09:46,749,0,0,989,18,702,2225,22,674,68,25,101,0,11,1893
2017-02-27 18:10:46,730,0,0,1175,4,752,2797,22,943,93,25,108,0,2,1673
2017-02-27 18:11:46,586,0,0,851,3,643,2519,25,1041,71,25,73,0,3,1830
2017-02-27 18:12:46,540,0,0,833,5,647,2270,25,928,74,28,148,0,4,1777
2017-02-27 18:13:46,447,0,0,824,4,679,2453,22,934,72,25,100,0,3,2102
2017-02-27 18:14:46,631,0,0,812,6,664,2806,22,801,68,25,99,0,4,2163
2017-02-27 18:15:46,1287,0,0,851,3,697,2306,22,977,75,25,107,0,3,1989
2017-02-27 18:16:47,541,0,0,845,5,682,2103,25,728,72,26,112,0,2,1873
2017-02-27 18:17:47,817,0,0,807,4,655,2142,25,600,67,25,102,0,4,995
2017-02-27 18:18:47,556,0,0,988,2402,663,2257,22,724,86,25,100,0,3,1451
2017-02-27 18:19:47,608,0,0,851,5697,651,2049,22,613,70,25,102,0,2,754
2017-02-27 18:20:47,819,0,0,892,2116,664,2794,22,1264,71,25,103,0,3,2180
2017-02-27 18:21:47,765,0,0,1051,4,674,2308,25,798,70,25,82,0,3,1733
2017-02-27 18:22:47,548,0,0,1021,4,675,2254,25,680,72,25,108,0,2,1827
2017-02-27 18:23:47,592,0,0,1041,3,651,2454,22,638,72,25,108,0,3,1666
2017-02-27 18:24:47,597,0,0,836,6,658,2851,22,715,66,25,99,0,4,1893
2017-02-27 18:25:47,1614,0,0,882,4,687,2194,22,974,72,25,100,0,3,1903
2017-02-27 18:26:48,2131,0,0,807,5,666,2093,25,680,73,25,96,0,3,1661
2017-02-27 18:27:48,1160,0,0,756,4,664,2204,25,812,105,25,103,0,3,1917
2017-02-27 18:28:48,498,0,0,785,4,651,2271,22,640,75,25,95,0,4,2176
2017-02-27 18:29:48,761,0,0,787,5,638,2150,22,704,71,25,95,0,3,1890
2017-02-27 18:30:48,788,0,0,856,4,711,3098,22,828,75,25,101,0,3,1741
2017-02-27 18:31:48,602,0,0,690,6,647,2359,25,929,73,25,82,0,3,1819
2017-02-27 18:32:48,732,0,0,804,5,681,2173,25,719,70,25,92,0,4,1914
2017-02-27 18:33:48,681,0,0,652,1951,643,2465,22,658,75,25,102,0,4,1352
2017-02-27 18:34:48,497,0,0,776,4261,644,2740,22,674,73,25,101,0,3,1407
2017-02-27 18:35:48,1453,0,0,870,5,697,2203,22,906,87,25,97,0,4,1769
2017-02-27 18:36:49,574,0,0,783,5,644,2126,25,948,72,25,100,0,3,1838
2017-02-27 18:37:49,809,0,0,892,4,711,2096,25,692,70,25,98,0,3,1729
2017-02-27 18:38:49,676,0,0,739,4,661,2234,22,575,70,25,109,0,4,1823
2017-02-27 18:39:49,774,0,0,758,7,639,2034,22,608,73,25,100,0,4,1885
2017-02-27 18:40:49,807,0,0,865,4,703,2922,22,657,73,25,108,0,4,1811
2017-02-27 18:41:49,991,0,0,783,4,637,2143,25,549,68,25,106,0,3,1787
2017-02-27 18:42:49,698,0,0,808,5,645,2082,25,819,73,25,146,0,4,1881
2017-02-27 18:43:49,561,0,0,779,6,625,2435,22,978,68,25,103,0,3,1574
2017-02-27 18:44:49,686,0,0,762,4,646,2795,22,1245,70,25,101,0,3,1616
2017-02-27 18:45:49,1766,0,0,807,4,679,2161,22,666,86,25,100,0,3,1672
2017-02-27 18:46:50,2218,0,0,662,4,640,2072,25,748,68,25,98,0,3,1718
2017-02-27 18:47:50,1198,0,0,706,4,649,2107,25,718,68,25,99,0,3,1714
2017-02-27 18:48:50,725,0,0,886,2614,662,2105,22,605,64,25,103,0,4,1416
2017-02-27 18:49:50,783,0,0,830,5534,614,2204,22,558,62,25,98,0,3,746
2017-02-27 18:50:50,871,0,0,916,1876,634,2646,22,667,67,25,86,0,3,1751
2017-02-27 18:51:50,664,0,0,742,4,623,2568,25,525,67,25,77,0,3,1814
2017-02-27 18:52:50,541,0,0,743,5,644,2123,25,530,67,25,101,0,3,1886
2017-02-27 18:53:50,633,0,0,728,4,630,2293,22,535,72,25,219,0,4,1667
2017-02-27 18:54:50,554,0,0,747,6,649,2753,22,548,68,25,98,0,4,1707
2017-02-27 18:55:50,1517,0,0,723,4,650,2153,22,597,85,25,109,0,3,1864
2017-02-27 18:56:51,642,0,0,753,5,664,2063,25,918,68,25,109,0,3,1915
2017-02-27 18:57:51,817,0,0,711,5,628,2072,25,572,89,25,99,0,4,1791
2017-02-27 18:58:51,601,0,0,726,4,648,2180,22,587,70,25,106,0,3,1774
2017-02-27 18:59:51,680,0,0,755,5,657,2019,22,575,74,25,98,0,3,1913
2017-02-27 19:00:51,849,0,0,753,5,726,4866,22,2157,81,25,134,0,4,1799
2017-02-27 19:01:51,799,0,0,763,5,666,3427,25,696,72,26,106,0,3,1769
2017-02-27 19:02:51,717,0,0,1829,4,624,3094,25,700,69,25,104,0,3,1644
2017-02-27 19:03:51,711,0,0,641,2168,649,3593,22,546,63,25,101,0,4,1498
2017-02-27 19:04:51,598,0,0,697,4235,621,3289,22,558,67,25,99,0,9,1256
2017-02-27 19:05:51,2442,0,0,819,5,650,2865,22,1188,105,25,129,0,3,1545
2017-02-27 19:06:52,2479,0,0,845,3,621,2645,25,633,71,25,102,0,3,1757
2017-02-27 19:07:52,1339,0,0,788,4,583,2255,25,731,68,25,99,0,3,1770
2017-02-27 19:08:52,756,0,0,1857,5,572,2078,22,655,64,25,99,0,4,1625
2017-02-27 19:09:52,814,0,0,699,18,568,2085,22,659,66,25,103,0,10,1813
2017-02-27 19:10:52,701,0,0,810,3,696,2818,22,639,71,25,93,0,3,1268
2017-02-27 19:11:52,655,0,0,751,4,578,2349,25,524,66,25,88,0,3,1640
2017-02-27 19:12:52,697,0,0,694,4,617,2083,25,628,68,25,274,0,3,1685
2017-02-27 19:13:52,514,0,0,700,5,556,2504,22,829,65,25,112,0,4,1731
2017-02-27 19:14:52,653,0,0,671,5,584,2735,22,603,66,25,97,0,3,1694
2017-02-27 19:15:52,1503,0,0,794,4,628,2138,22,664,65,25,100,0,3,1868
2017-02-27 19:16:53,533,0,0,615,3,573,1995,25,648,64,25,101,0,3,1880
2017-02-27 19:17:53,755,0,0,1249,6,587,1975,25,541,78,25,97,0,4,1751
2017-02-27 19:18:53,639,0,0,1054,2902,570,2069,22,616,65,25,80,0,3,1385
2017-02-27 19:19:53,634,0,0,849,5408,581,2015,22,794,70,25,95,0,3,1034
2017-02-27 19:20:53,795,0,0,1263,1544,626,2722,22,681,484,25,99,0,3,1745
2017-02-27 19:21:53,824,0,0,1526,4,532,2279,25,583,64,25,109,0,3,1555
2017-02-27 19:22:53,702,0,0,1241,5,559,2019,25,792,65,25,94,0,3,1691
2017-02-27 19:23:53,689,0,0,777,5,602,2473,22,557,62,25,99,0,3,1870
2017-02-27 19:24:53,669,0,0,1632,7,575,2702,22,527,62,25,92,0,5,1730
2017-02-27 19:25:53,1768,0,0,2029,4,605,2177,22,911,66,25,97,0,3,1635
2017-02-27 19:26:54,2644,0,0,1736,5,562,1973,25,1267,65,25,93,0,3,1714
2017-02-27 19:27:54,1202,0,0,1614,5,528,1986,25,1050,82,25,93,0,4,1778
2017-02-27 19:28:54,576,0,0,983,5,517,2087,22,809,62,26,107,0,3,1647
2017-02-27 19:29:54,1055,0,0,982,5,528,2068,22,742,64,25,97,0,3,1753
2017-02-27 19:30:54,762,0,0,785,4,638,2959,33,734,64,25,102,0,3,1835
2017-02-27 19:31:54,512,0,0,953,4,574,2377,25,728,65,25,95,0,3,1652
2017-02-27 19:32:54,583,0,0,757,6,518,2068,25,795,79,25,98,0,3,1906
2017-02-27 19:33:54,679,0,0,590,2364,502,2491,22,964,61,25,103,0,4,1494
2017-02-27 19:34:54,722,0,0,625,3815,531,2571,22,880,61,25,100,0,3,1259
2017-02-27 19:35:54,1614,0,0,699,5,575,2097,22,776,61,25,102,0,4,1828
2017-02-27 19:36:55,549,0,0,648,5,560,1992,25,984,62,25,97,0,3,1794
2017-02-27 19:37:55,791,0,0,671,5,559,2036,25,785,65,25,96,0,3,1856
2017-02-27 19:38:55,562,0,0,651,5,559,2051,22,900,65,25,95,0,3,1913
2017-02-27 19:39:55,708,0,0,657,7,534,2040,22,674,61,25,99,0,4,1646
2017-02-27 19:40:55,816,0,0,727,4,577,2913,22,548,65,25,99,0,4,1649
2017-02-27 19:41:55,781,0,0,698,4,516,2056,25,536,62,25,98,0,3,1856
2017-02-27 19:42:55,605,0,0,661,5,490,2079,25,543,70,25,148,0,3,1845
2017-02-27 19:43:55,553,0,0,637,4,482,2413,22,527,68,25,97,0,3,1784
2017-02-27 19:44:55,619,0,0,668,5,486,2684,22,553,62,25,99,0,3,1912
2017-02-27 19:45:55,1947,0,0,717,4,526,2048,22,608,67,25,106,0,3,1649
2017-02-27 19:46:56,1389,0,0,589,5,467,1991,25,575,66,25,79,0,3,1920
2017-02-27 19:47:56,1065,0,0,629,4,467,2016,25,644,74,25,95,0,3,1727
2017-02-27 19:48:56,502,0,0,718,3385,448,2124,22,521,66,25,92,0,3,1389
2017-02-27 19:49:56,672,0,0,618,5694,470,2017,22,519,66,25,94,0,3,1024
2017-02-27 19:50:56,677,0,0,675,1292,570,2842,22,599,71,25,78,0,3,1533
2017-02-27 19:51:56,563,0,0,641,4,446,2082,25,465,65,25,93,0,3,2028
2017-02-27 19:52:56,700,0,0,625,5,467,1990,25,509,72,25,91,0,3,1845
2017-02-27 19:53:56,660,0,0,637,3,493,2464,22,459,63,25,97,0,3,1721
2017-02-27 19:54:56,562,0,0,635,5,499,2417,22,473,64,25,96,0,4,1646
2017-02-27 19:55:56,1440,0,0,699,5,497,2115,22,576,70,25,96,0,3,1771
2017-02-27 19:56:57,617,0,0,623,5,468,2026,25,869,62,25,216,0,3,1794
2017-02-27 19:57:57,870,0,0,804,5,434,2023,25,543,84,25,97,0,3,1915
2017-02-27 19:58:57,585,0,0,631,4,432,2054,22,506,61,25,94,0,3,1912
2017-02-27 19:59:57,644,0,0,607,4,482,2016,22,523,64,25,96,0,3,1646
2017-02-27 20:00:57,1279,0,0,1426,5,591,4796,22,2081,90,25,124,0,3,1653
2017-02-27 20:01:57,681,0,0,592,5,479,2217,25,1299,62,25,108,0,3,1648
2017-02-27 20:02:57,618,0,0,766,6,494,1917,25,867,67,25,96,0,3,1917
2017-02-27 20:03:57,662,0,0,711,2581,504,2436,22,539,59,25,104,0,3,1359
2017-02-27 20:04:57,520,0,0,622,3718,462,2518,22,554,62,26,100,0,9,1530
2017-02-27 20:05:57,2995,0,0,732,5,539,1970,22,1327,111,25,114,0,3,1793
2017-02-27 20:06:58,1355,0,0,676,5,500,1923,25,917,65,25,95,0,3,1724
2017-02-27 20:07:58,1095,0,0,660,5,468,1922,25,827,63,25,103,0,3,1838
2017-02-27 20:08:58,526,0,0,626,11,478,2058,22,589,61,25,97,0,4,1916
2017-02-27 20:09:58,545,0,0,603,13,447,2048,22,579,58,25,95,0,9,1916
2017-02-27 20:10:58,641,0,0,692,5,483,2765,22,672,65,25,97,0,3,1648
2017-02-27 20:11:58,539,0,0,630,5,438,2213,25,613,60,25,73,0,3,1916
2017-02-27 20:12:58,492,0,0,695,6,456,2061,25,589,66,26,144,0,3,1818
2017-02-27 20:13:58,551,0,0,595,5,444,2590,22,512,59,25,95,0,3,1805
2017-02-27 20:14:58,589,0,0,585,5,389,2443,22,657,60,25,74,0,3,1857
2017-02-27 20:15:58,1325,0,0,684,4,477,2043,22,595,79,25,97,0,3,1801
2017-02-27 20:16:59,563,0,0,570,4,447,1955,25,535,61,25,96,0,3,1769
2017-02-27 20:17:59,756,0,0,511,5,432,1966,25,441,60,25,101,0,3,1860
2017-02-27 20:18:59,524,0,0,738,3614,436,1961,22,521,60,25,106,0,3,1295
2017-02-27 20:19:59,566,0,0,607,5578,404,1936,22,510,59,25,95,0,4,860
2017-02-27 20:20:59,630,0,0,620,993,467,2920,22,595,61,25,103,0,3,2082
2017-02-27 20:21:59,496,0,0,496,4,411,2041,25,528,59,25,97,0,3,1646
2017-02-27 20:22:59,601,0,0,605,5,425,2079,23,612,62,25,93,0,3,1918
2017-02-27 20:23:59,527,0,0,590,4,400,2605,24,558,65,25,104,0,3,1918
2017-02-27 20:24:59,499,0,0,592,7,427,2328,22,522,63,25,96,0,5,1728
2017-02-27 20:25:59,2158,0,0,620,4,471,2077,22,553,61,25,99,0,4,1840
2017-02-27 20:27:00,909,0,0,568,4,453,1965,25,569,60,25,93,0,3,1894
2017-02-27 20:28:00,997,0,0,612,5,447,1974,22,988,77,25,94,0,3,1764
2017-02-27 20:29:00,549,0,0,544,4,420,2098,25,501,60,25,101,0,3,1823
2017-02-27 20:30:00,674,0,0,573,4,385,2022,22,598,61,25,105,0,3,1916
2017-02-27 20:31:00,699,0,0,643,4,533,3096,22,574,75,25,205,0,3,1838
2017-02-27 20:32:00,509,0,0,585,4,411,2048,25,625,65,25,74,0,3,1811
2017-02-27 20:33:00,532,0,0,500,7,421,2081,22,604,57,25,93,0,2,1794
2017-02-27 20:34:00,565,0,0,559,3982,406,2370,25,536,62,25,98,0,4,1350
2017-02-27 20:35:00,398,0,0,559,3219,379,2439,22,516,63,25,95,0,4,1626
2017-02-27 20:36:00,1480,0,0,616,5,454,2913,22,639,61,25,105,0,2,1736
2017-02-27 20:37:01,383,0,0,547,4,402,1972,25,627,67,25,105,0,3,1917
2017-02-27 20:38:01,576,0,0,546,5,444,2021,23,660,60,25,95,0,3,1846
2017-02-27 20:39:01,468,0,0,495,3,425,2199,24,650,62,25,98,0,3,1796
2017-02-27 20:40:01,505,0,0,659,7,396,2309,22,643,66,25,98,0,5,1834
2017-02-27 20:41:01,548,0,0,594,3,524,2868,22,783,61,25,111,0,3,1669
2017-02-27 20:42:01,482,0,0,560,5,424,2012,25,551,65,25,96,0,2,1905
2017-02-27 20:43:01,425,0,0,566,4,423,2172,22,545,68,25,123,0,3,1917
2017-02-27 20:44:01,371,0,0,554,5,427,2647,25,555,59,25,99,0,3,1647
2017-02-27 20:45:01,499,0,0,547,3,403,2358,22,893,61,25,99,0,3,1846
2017-02-27 20:46:01,1989,0,0,583,5,425,2021,22,934,71,25,100,0,3,1784
2017-02-27 20:47:02,889,0,0,530,4,386,2190,25,942,61,25,97,0,3,1855
2017-02-27 20:48:02,898,0,0,555,5,452,2011,22,596,63,25,94,0,4,1886
2017-02-27 20:49:02,329,0,0,602,3918,438,2107,25,464,59,25,95,0,3,1225
2017-02-27 20:50:02,518,0,0,522,5504,434,1962,22,470,61,37,98,0,3,1035
2017-02-27 20:51:02,517,0,0,573,647,523,2794,22,512,61,25,96,0,2,1752
2017-02-27 20:52:02,424,0,0,518,4,466,1989,25,485,60,25,83,0,3,1818
2017-02-27 20:53:02,429,0,0,538,4,479,2067,22,644,63,25,96,0,4,1919
2017-02-27 20:54:02,441,0,0,532,6,455,2570,25,473,59,25,104,0,3,1918
2017-02-27 20:55:02,350,0,0,448,5,473,2418,22,502,63,25,97,0,4,1784
2017-02-27 20:56:02,1180,0,0,534,5,507,2005,22,511,63,26,103,0,3,1780
2017-02-27 20:57:03,471,0,0,533,5,434,1946,25,478,61,25,102,0,2,1915
2017-02-27 20:58:03,522,0,0,511,6,458,2009,22,1158,80,25,106,0,4,1927
2017-02-27 20:59:03,324,0,0,547,5,476,2010,25,671,56,25,98,0,4,1905
2017-02-27 21:00:03,475,0,0,537,5,460,2110,22,538,59,25,102,0,3,1682
2017-02-27 21:01:03,699,0,0,603,4,536,4881,22,2349,82,25,123,0,3,1717
2017-02-27 21:02:03,468,0,0,516,4,438,2018,25,501,59,25,99,0,3,1839
2017-02-27 21:03:03,636,0,0,519,6,447,2063,22,491,62,25,97,0,3,1917
2017-02-27 21:04:03,592,0,0,443,3160,450,2446,25,579,60,25,96,0,3,1423
2017-02-27 21:05:03,484,0,0,527,2938,449,2399,22,483,62,25,101,0,9,1329
2017-02-27 21:06:03,2774,0,0,616,6,503,2077,22,1108,76,25,115,0,2,1654
2017-02-27 21:07:03,496,0,0,508,4,421,1942,25,600,59,25,95,0,3,1692
2017-02-27 21:08:04,708,0,0,624,5,417,2002,22,557,60,25,97,0,4,1873
2017-02-27 21:09:04,485,0,0,519,11,448,2014,25,616,59,25,107,0,4,1914
2017-02-27 21:10:04,436,0,0,531,13,474,2011,22,612,62,25,98,0,11,1912
2017-02-27 21:11:04,452,0,0,547,4,476,2682,22,639,59,25,86,0,3,1688
2017-02-27 21:12:04,491,0,0,516,4,435,2163,25,584,58,25,74,0,2,1882
2017-02-27 21:13:04,306,0,0,439,6,451,2052,22,580,65,25,143,0,3,1649
2017-02-27 21:14:04,302,0,0,539,5,445,2588,25,531,57,25,102,0,3,1918
2017-02-27 21:15:04,440,0,0,530,4,433,2212,22,490,61,25,96,0,3,1758
2017-02-27 21:16:04,1026,0,0,526,5,461,1951,22,593,70,25,95,0,3,1807
2017-02-27 21:17:04,304,0,0,510,4,430,2074,25,481,57,25,99,0,3,1913
2017-02-27 21:18:05,613,0,0,494,5,418,1922,22,513,61,25,98,0,3,1930
2017-02-27 21:19:05,242,0,0,602,4369,407,1934,25,480,55,25,97,0,4,1164
2017-02-27 21:20:05,322,0,0,490,5980,433,1918,22,504,62,25,97,0,4,1052
2017-02-27 21:21:05,584,0,0,528,362,483,2783,22,571,56,25,96,0,2,1872
2017-02-27 21:22:05,332,0,0,484,5,487,1945,25,481,54,25,100,0,3,1783
2017-02-27 21:23:05,278,0,0,519,5,512,2065,22,547,60,25,100,0,4,1832
2017-02-27 21:24:05,376,0,0,526,5,484,2590,25,526,59,25,98,0,3,1909
2017-02-27 21:25:05,290,0,0,514,4,489,2155,22,499,58,25,98,0,5,1858
2017-02-27 21:26:05,1626,0,0,531,5,519,1913,22,574,56,25,107,0,3,1753
2017-02-27 21:27:05,409,0,0,492,5,464,1929,25,518,63,25,108,0,3,2079
2017-02-27 21:28:06,524,0,0,482,5,449,1991,22,830,70,25,97,0,3,1792
2017-02-27 21:29:06,306,0,0,444,5,458,1975,25,452,55,25,94,0,3,1837
2017-02-27 21:30:06,430,0,0,478,5,510,2135,22,484,57,25,97,0,3,1914
2017-02-27 21:31:06,466,0,0,532,4,527,2867,22,502,69,24,97,0,3,1777
2017-02-27 21:32:06,320,0,0,603,4,431,1932,25,478,58,25,80,0,3,1869
2017-02-27 21:33:06,403,0,0,547,5,452,2089,22,476,54,25,95,0,2,1846
2017-02-27 21:34:06,424,0,0,419,4311,479,2594,25,449,53,25,93,0,4,1487
2017-02-27 21:35:06,331,0,0,492,2406,462,2095,22,489,58,25,96,0,4,1563
2017-02-27 21:36:06,1234,0,0,515,5,468,1903,22,516,58,25,99,0,2,1882
2017-02-27 21:37:06,347,0,0,488,5,453,1879,25,511,54,25,94,0,4,1697
2017-02-27 21:38:07,356,0,0,491,5,478,2026,22,431,56,25,73,0,4,1865
2017-02-27 21:39:07,410,0,0,467,5,462,1952,25,466,57,25,96,0,3,1912
2017-02-27 21:40:07,275,0,0,487,5,459,2019,22,436,59,25,96,0,5,1905
2017-02-27 21:41:07,462,0,0,480,4,558,2718,22,479,56,25,95,0,3,1765
2017-02-27 21:42:07,467,0,0,500,7,471,1910,25,450,59,25,109,0,3,1829
2017-02-27 21:43:07,267,0,0,481,6,487,2066,22,437,57,25,142,0,4,1895
2017-02-27 21:44:07,274,0,0,462,4,471,2705,25,419,56,25,105,0,3,1917
2017-02-27 21:45:07,427,0,0,478,4,474,2088,22,530,61,25,100,0,2,1645
2017-02-27 21:46:07,1634,0,0,500,5,456,1869,22,666,69,25,97,0,3,1726
2017-02-27 21:47:07,488,0,0,403,4,449,1859,25,798,57,25,106,0,3,1815
2017-02-27 21:48:08,486,0,0,440,5,465,1906,22,601,58,25,95,0,4,1810
2017-02-27 21:49:08,283,0,0,595,4660,463,1927,25,493,56,25,96,0,3,1067
2017-02-27 21:50:08,351,0,0,465,5753,476,1953,22,724,59,28,99,0,3,1061
2017-02-27 21:51:08,511,0,0,415,52,466,2663,22,917,58,25,101,0,2,1877
2017-02-27 21:52:08,353,0,0,456,4,441,1877,25,876,56,25,75,0,3,1935
2017-02-27 21:53:08,304,0,0,460,5,418,2032,22,712,57,25,216,0,4,1816
2017-02-27 21:54:08,373,0,0,473,5,440,2524,25,392,59,25,97,0,3,1805
2017-02-27 21:55:08,319,0,0,469,4,448,2087,22,447,56,25,99,0,4,2420
2017-02-27 21:56:08,1075,0,0,461,3,419,1846,22,458,57,25,97,0,3,2305
2017-02-27 21:57:08,488,0,0,429,4,385,1933,25,436,59,25,99,0,2,1824
2017-02-27 21:58:09,365,0,0,440,5,419,1987,22,442,74,25,97,0,4,1732
2017-02-27 21:59:09,327,0,0,461,6,421,1909,25,816,58,25,109,0,3,1807
2017-02-27 22:00:09,479,0,0,754,3,453,3296,22,578,65,25,141,0,3,2049
2017-02-27 22:01:09,1200,0,0,2275,4,655,5180,22,2159,1179,25,544,0,3,1503
2017-02-27 22:02:09,829,0,0,2112,3,541,3405,25,761,980,33,538,0,3,1598
2017-02-27 22:03:09,1745,0,0,1027,5,472,2967,22,1009,875,30,1298,0,3,1480
2017-02-27 22:04:09,1246,0,0,1736,3624,466,2998,25,1034,897,25,1658,0,223,1388
2017-02-27 22:05:09,1124,0,0,2087,2191,478,2914,22,966,1353,25,1767,0,560,1484
2017-02-27 22:06:09,2764,0,0,2329,5,466,2475,22,1519,1317,25,2337,0,4,1673
2017-02-27 22:07:09,1641,0,0,2677,4,525,2338,25,1156,1232,25,2599,0,3,1950
2017-02-27 22:08:10,1364,0,0,2150,5,408,2414,22,856,1323,25,1145,0,4,2029
2017-02-27 22:09:10,1610,0,0,1763,39,402,2383,25,812,1211,25,1104,0,31,1706
2017-02-27 22:10:10,1471,0,0,1827,13,381,2527,22,944,1114,25,481,0,11,1577
2017-02-27 22:11:10,1195,0,0,1859,4,466,2503,22,880,1203,25,238,0,4,1457
2017-02-27 22:12:10,1284,0,0,1293,4,347,2095,25,1015,1055,25,671,0,3,1672
2017-02-27 22:13:10,583,0,0,1790,11,353,2056,22,850,345,25,336,0,4,1550
2017-02-27 22:14:10,812,0,0,1844,6,326,2342,25,911,119,25,281,0,3,1745
2017-02-27 22:15:10,922,0,0,1515,4,371,2128,22,929,57,25,203,0,4,1592
2017-02-27 22:16:10,1931,0,0,958,4,298,1899,22,953,67,25,196,0,3,1605
2017-02-27 22:17:10,1104,0,0,1927,4,425,1833,25,1051,72,25,231,0,3,1613
2017-02-27 22:18:11,1433,0,0,1871,5,316,1847,22,809,53,25,200,0,4,1700
2017-02-27 22:19:11,574,0,0,1180,4495,312,1889,25,838,54,25,202,0,4,1022
2017-02-27 22:20:11,475,0,0,1034,5307,337,1921,22,1120,57,25,580,0,5,1364
2017-02-27 22:21:11,611,0,0,1869,5,316,2401,22,879,56,26,583,0,4,1598
2017-02-27 22:22:11,489,0,0,2628,4,297,2013,25,789,53,25,102,0,3,1678
2017-02-27 22:23:11,445,0,0,1924,5,295,2024,22,780,53,25,99,0,3,1619
2017-02-27 22:24:11,520,0,0,1513,6,309,2389,25,968,56,25,96,0,4,1676
2017-02-27 22:25:11,403,0,0,1197,5,337,2056,22,838,58,25,99,0,6,1582
2017-02-27 22:26:11,1593,0,0,1814,4,316,1818,22,1238,56,25,137,0,3,1699
2017-02-27 22:27:11,795,0,0,2443,5,312,2159,25,676,55,25,103,0,3,2372
2017-02-27 22:28:12,419,0,0,2518,6,303,1854,22,680,71,25,97,0,4,2081
2017-02-27 22:29:12,405,0,0,2666,5,265,1900,25,1392,54,25,92,0,4,3169
2017-02-27 22:30:12,619,0,0,2443,4,332,2088,22,933,65,25,105,0,4,2845
2017-02-27 22:31:12,529,0,0,2419,4,292,2459,22,793,55,26,78,0,4,1886
2017-02-27 22:32:12,446,0,0,2517,4,285,2003,25,848,58,25,83,0,2,4188
2017-02-27 22:33:12,577,0,0,2453,73,287,2010,22,999,57,25,95,0,4,4597
2017-02-27 22:34:12,559,0,0,1717,3891,278,2277,25,710,131,25,104,0,4,2664
2017-02-27 22:35:12,497,0,0,2473,2367,305,1999,22,710,506,25,100,0,4,2280
2017-02-27 22:36:12,1410,0,0,1734,5,317,1834,22,625,800,25,100,0,3,3810
2017-02-27 22:37:12,646,0,0,1155,5,333,1845,25,594,57,25,95,0,4,3839
2017-02-27 22:38:13,414,0,0,1066,40,305,1886,22,460,57,25,96,0,4,3754
2017-02-27 22:39:13,656,0,0,1925,18,307,1889,25,684,57,25,104,0,4,3459
2017-02-27 22:40:13,412,0,0,2012,14,328,2120,22,595,61,25,97,0,5,4133
2017-02-27 22:41:13,495,0,0,1747,5,279,2422,22,702,55,25,97,0,3,2592
2017-02-27 22:42:13,649,0,0,1371,5,237,1900,25,929,521,25,99,0,3,1793
2017-02-27 22:43:13,413,0,0,1642,6,232,2020,22,663,926,25,150,0,4,1835
2017-02-27 22:44:13,426,0,0,1329,6,229,2407,25,1479,848,25,100,0,4,1443
2017-02-27 22:45:13,607,0,0,2265,4,253,2035,22,904,1230,25,96,0,3,1733
2017-02-27 22:46:13,1675,0,0,1507,5,235,1835,22,720,1097,25,97,0,4,1538
2017-02-27 22:47:13,616,0,0,1582,4,219,1822,25,712,1076,25,100,0,2,2846
2017-02-27 22:48:14,561,0,0,2284,6,216,1937,22,628,1067,25,100,0,4,1864
2017-02-27 22:49:14,371,0,0,1747,4791,203,1814,25,518,691,25,96,0,4,1686
2017-02-27 22:50:14,568,0,0,1330,5170,231,1962,22,515,694,25,100,0,3,1444
2017-02-27 22:51:14,704,0,0,1541,6,216,2397,22,478,1222,25,77,0,3,1888
2017-02-27 22:52:14,407,0,0,1982,4,238,1884,25,916,1301,25,94,0,4,4296
2017-02-27 22:53:14,335,0,0,2324,5,224,1971,22,856,1113,25,92,0,3,4206
2017-02-27 22:54:14,568,0,0,2390,7,187,2325,25,699,1043,25,91,0,3,2873
2017-02-27 22:55:14,553,0,0,908,4,217,2049,22,847,1123,25,100,0,6,2882
2017-02-27 22:56:14,1331,0,0,954,4,185,1818,22,1069,1030,25,95,0,3,4108
2017-02-27 22:57:14,730,0,0,1035,4,197,1848,25,1006,1142,25,95,0,4,3828
2017-02-27 22:58:15,404,0,0,849,6,173,1899,22,975,1098,25,67,0,4,3790
2017-02-27 22:59:15,517,0,0,1009,4,182,1898,25,1191,1070,25,93,0,3,3525
2017-02-27 23:00:15,740,0,0,1471,4,361,3388,22,1361,952,46,212,0,3,3309
2017-02-27 23:01:15,535,0,0,1566,4,224,3477,22,2394,69,25,677,0,3,1692
2017-02-27 23:02:15,409,0,0,3010,4,190,2008,25,882,60,25,734,0,3,1623
2017-02-27 23:03:15,539,0,0,1604,4,207,1977,22,835,55,25,427,0,4,1634
2017-02-27 23:04:15,445,0,0,1299,4135,212,2346,25,781,54,25,221,0,4,974
2017-02-27 23:05:15,904,0,0,1564,2009,248,1954,22,626,60,28,204,0,10,1534
2017-02-27 23:06:15,1763,0,0,1627,5,240,1905,25,1277,73,25,120,0,3,1404
2017-02-27 23:07:15,660,0,0,1539,3,194,1844,26,836,53,26,151,0,3,1615
2017-02-27 23:08:16,367,0,0,1669,6,196,1847,22,889,53,31,97,0,4,1627
2017-02-27 23:09:16,570,0,0,1630,18,176,1820,25,748,55,25,76,0,3,1635
2017-02-27 23:10:16,481,0,0,1822,4,188,2013,22,712,59,25,391,0,10,1606
2017-02-27 23:11:16,443,0,0,1553,5,163,2382,22,626,54,25,98,0,2,1661
2017-02-27 23:12:16,597,0,0,1699,4,203,1920,25,672,52,25,121,0,3,1598
2017-02-27 23:13:16,351,0,0,1690,7,180,2109,22,511,52,25,137,0,4,1723
2017-02-27 23:14:16,369,0,0,1712,6,180,2313,25,553,58,28,96,0,3,1695
2017-02-27 23:15:16,775,0,0,1813,4,178,2054,22,532,63,25,93,0,5,1654
2017-02-27 23:16:16,1198,0,0,1789,4,167,1897,22,508,53,25,130,0,3,1654
2017-02-27 23:17:16,554,0,0,1818,4,156,1797,25,532,57,25,98,0,2,1642
2017-02-27 23:18:17,533,0,0,1715,5,182,1860,22,507,53,25,93,0,4,1651
2017-02-27 23:19:17,466,0,0,1569,5230,172,1831,25,458,53,25,93,0,3,917
2017-02-27 23:20:17,399,0,0,1456,4644,235,2028,22,480,58,25,92,0,4,1247
2017-02-27 23:21:17,658,0,0,1291,4,196,2380,22,479,51,25,100,0,3,1506
2017-02-27 23:22:17,386,0,0,1082,4,199,1886,25,470,53,25,95,0,4,1708
2017-02-27 23:23:17,371,0,0,1177,4,179,1952,22,497,52,25,92,0,3,1748
2017-02-27 23:24:17,526,0,0,1390,6,197,2382,25,448,52,25,87,0,3,1639
2017-02-27 23:25:17,429,0,0,1887,4,160,1932,22,448,56,25,85,0,5,1438
2017-02-27 23:26:17,1492,0,0,2334,4,144,1784,22,510,53,25,92,0,2,1571
2017-02-27 23:27:17,921,0,0,2684,4,193,1814,25,621,52,25,96,0,3,1654
2017-02-27 23:28:18,366,0,0,2952,5,120,1872,22,441,66,25,92,0,4,1645
2017-02-27 23:29:18,351,0,0,2523,4,141,1805,25,655,55,25,72,0,3,1524
2017-02-27 23:30:18,708,0,0,2565,5,213,2158,22,680,63,25,101,0,3,1571
2017-02-27 23:31:18,416,0,0,2253,4,156,2497,33,518,54,25,94,0,3,1600
2017-02-27 23:32:18,426,0,0,1598,4,180,1868,27,397,56,26,97,0,2,1595
2017-02-27 23:33:18,577,0,0,1582,4,153,1975,22,433,54,26,102,0,4,1479
2017-02-27 23:34:18,486,0,0,1643,4387,144,2190,25,443,51,25,93,0,4,1167
2017-02-27 23:35:18,784,0,0,1815,1686,166,1960,22,502,62,25,98,0,4,1727
2017-02-27 23:36:18,1257,0,0,1698,5,156,1786,22,488,53,25,92,0,3,1640
2017-02-27 23:37:18,518,0,0,2051,5,162,1830,25,506,52,25,96,0,3,1410
2017-02-27 23:38:19,355,0,0,1876,5,165,1909,22,504,51,25,100,0,4,1633
2017-02-27 23:39:19,652,0,0,2162,7,140,1895,25,506,50,25,91,0,3,1602
2017-02-27 23:40:19,391,0,0,1788,4,130,1976,22,524,54,25,93,0,4,1414
2017-02-27 23:41:19,453,0,0,1889,4,115,2343,22,593,56,25,97,0,2,1596
2017-02-27 23:42:19,653,0,0,1997,6,158,1933,25,546,53,25,93,0,4,1637
2017-02-27 23:43:19,345,0,0,2093,6,148,1968,22,519,53,25,137,0,4,1399
2017-02-27 23:44:19,348,0,0,2070,7,141,2402,25,422,52,25,100,0,3,1641
2017-02-27 23:45:19,594,0,0,2053,4,160,2012,22,571,60,25,93,0,3,1334
2017-02-27 23:46:19,1743,0,0,1938,5,146,1867,22,546,54,25,90,0,3,1491
2017-02-27 23:47:20,1038,0,0,1902,4,210,1767,25,594,60,25,93,0,2,1516
2017-02-27 23:48:20,554,0,0,2260,36,274,1789,22,515,54,25,91,0,4,1649
2017-02-27 23:49:20,319,0,0,2237,5447,256,1774,25,472,52,25,81,0,3,870
2017-02-27 23:50:20,571,0,0,1868,4512,301,2051,22,617,53,25,92,0,3,1332
2017-02-27 23:51:20,547,0,0,2145,5,275,2280,22,529,54,25,67,0,3,1593
2017-02-27 23:52:20,421,0,0,2178,3,248,1839,25,502,63,24,91,0,3,1411
2017-02-27 23:53:20,338,0,0,2288,5,252,2076,22,488,55,25,90,0,4,1496
2017-02-27 23:54:20,563,0,0,2058,5,287,2338,25,360,52,25,90,0,3,1613
2017-02-27 23:55:20,1176,0,0,2082,5,257,1910,22,502,54,25,99,0,5,1589
2017-02-27 23:56:20,692,0,0,1951,4,257,1745,22,480,56,25,91,0,3,1580
2017-02-27 23:57:21,705,0,0,2066,5,261,1789,25,458,52,25,97,0,3,1439
2017-02-27 23:58:21,328,0,0,1574,5,222,1797,26,475,63,24,89,0,4,1642
2017-02-27 23:59:21,496,0,0,1054,6,239,1849,25,486,51,25,97,0,3,1568
2017-02-28 00:00:21,947,0,4,1721,4,315,4012,22,1574,60,34,138,0,3,1646
2017-02-28 00:01:21,1449,0,0,2047,4,285,3406,22,1023,65,28,108,0,4,1529
2017-02-28 00:02:21,809,0,0,2544,3,237,1805,25,492,59,25,98,0,4,1590
2017-02-28 00:03:21,720,0,0,3590,74,228,1980,22,466,51,26,151,0,4,1559
2017-02-28 00:04:21,527,0,0,3638,4540,199,2314,25,442,53,26,215,0,9,1139
2017-02-28 00:05:21,1159,0,0,3453,1585,246,2081,22,726,96,25,141,0,3,1285
2017-02-28 00:06:21,2271,0,0,2413,6,235,1900,22,879,66,25,133,0,3,1412
2017-02-28 00:07:22,787,0,0,2729,5,224,2053,25,1000,53,25,95,0,3,1523
2017-02-28 00:08:22,443,0,0,2320,5,192,1961,22,793,50,25,95,0,4,1788
2017-02-28 00:09:22,675,0,0,2253,23,212,1862,25,790,52,25,73,0,9,1528
2017-02-28 00:10:22,759,0,0,2964,4,220,2078,22,864,55,25,92,0,4,1383
2017-02-28 00:11:22,438,0,0,2370,4,201,2298,22,1094,52,25,95,0,4,1479
2017-02-28 00:12:22,753,0,0,1896,6,234,1796,25,1203,50,25,95,0,4,1403
2017-02-28 00:13:22,390,0,0,2111,4,180,1889,22,1277,49,25,139,0,4,1431
2017-02-28 00:14:22,341,0,0,3308,7,203,5247,25,1390,51,25,104,0,5,1350
2017-02-28 00:15:22,1529,0,0,6980,4,233,1891,22,1277,59,25,92,0,3,1448
2017-02-28 00:16:22,558,0,0,7298,4,220,1875,22,1076,51,25,92,0,3,1326
2017-02-28 00:17:23,546,0,0,6978,4,201,1714,25,1178,55,25,75,0,3,1521
2017-02-28 00:18:23,559,0,0,7228,253,217,1771,22,1100,49,25,93,0,4,1344
2017-02-28 00:19:23,441,0,0,6251,5086,220,1690,25,842,51,25,99,0,4,973
2017-02-28 00:20:23,373,0,0,4622,4098,229,1880,22,1411,53,25,97,0,3,1552
2017-02-28 00:21:23,998,0,0,2141,5,273,2290,22,1000,50,25,91,0,4,1352
2017-02-28 00:22:23,425,0,0,2474,4,282,1799,25,1264,50,25,91,0,3,1457
2017-02-28 00:23:23,333,0,0,6860,5,287,1850,22,969,55,25,102,0,4,1271
2017-02-28 00:24:23,532,0,0,6089,6,311,2302,25,1198,52,25,92,0,3,1000
2017-02-28 00:25:23,495,0,0,1342,5,293,1887,22,1301,53,25,92,0,4,1537
2017-02-28 00:26:23,1838,0,0,1185,5,293,1733,22,983,53,25,93,0,4,1384
2017-02-28 00:27:24,804,0,0,731,6,291,1741,25,973,51,25,91,0,3,1581
2017-02-28 00:28:24,325,0,0,768,5,301,1838,22,932,63,25,95,0,4,1582
2017-02-28 00:29:24,427,0,0,718,6,311,1803,25,745,51,25,66,0,5,1616
2017-02-28 00:30:24,762,0,0,762,4,331,2450,22,1639,60,25,97,0,3,1547
2017-02-28 00:31:24,406,0,0,2229,4,275,2750,22,1872,52,27,117,0,4,1494
2017-02-28 00:32:24,415,0,0,1343,4,287,2203,25,1461,55,27,120,0,3,1455
2017-02-28 00:33:24,486,0,0,636,343,289,2271,22,1501,49,27,112,0,4,1607
2017-02-28 00:34:24,473,0,0,409,4669,273,2528,25,1417,49,26,113,0,5,1252
2017-02-28 00:35:24,1374,0,0,443,1144,302,2281,22,987,58,27,110,0,4,1364
2017-02-28 00:36:24,739,0,0,556,5,298,2242,22,934,51,26,125,0,4,1666
2017-02-28 00:37:25,669,0,0,759,5,284,2206,25,985,50,27,142,0,4,1694
2017-02-28 00:38:25,458,0,0,755,5,308,1872,22,767,52,25,122,0,4,1650
2017-02-28 00:39:25,768,0,0,611,6,276,1786,25,1038,50,24,130,0,3,1797
2017-02-28 00:40:25,542,0,0,757,5,249,1988,22,1008,54,25,113,0,4,1515
2017-02-28 00:41:25,685,0,0,799,5,240,2252,22,955,50,26,120,0,4,1603
2017-02-28 00:42:25,736,0,0,847,6,266,2062,25,1156,53,28,134,0,3,1474
2017-02-28 00:43:25,418,0,0,552,5,263,1924,22,1023,53,25,140,0,4,1629
2017-02-28 00:44:25,387,0,0,519,5,230,2383,25,989,51,25,110,0,3,1512
2017-02-28 00:45:25,715,0,0,606,5,255,1902,22,888,58,25,117,0,3,1594
2017-02-28 00:46:25,2168,0,0,570,5,283,1709,22,822,51,25,120,0,3,1819
2017-02-28 00:47:26,1594,0,0,630,5,260,1716,25,898,55,25,120,0,4,1670
2017-02-28 00:48:26,622,0,0,638,529,258,1769,22,845,51,25,114,0,3,1747
2017-02-28 00:49:26,349,0,0,735,5449,270,1755,25,952,49,37,108,0,5,818
2017-02-28 00:50:26,546,0,0,600,3910,274,1992,22,1113,56,27,87,0,3,1414
2017-02-28 00:51:26,733,0,0,599,5,252,2140,22,1076,50,24,101,0,4,1667
2017-02-28 00:52:26,360,0,0,693,4,240,1750,25,965,51,25,100,0,3,1643
2017-02-28 00:53:26,376,0,0,603,5,251,1895,22,1043,51,25,101,0,4,1455
2017-02-28 00:54:26,525,0,0,595,6,259,2260,25,1018,49,25,98,0,5,1633
2017-02-28 00:55:26,1384,0,0,622,4,252,1912,22,976,55,25,90,0,5,1597
2017-02-28 00:56:26,336,0,0,583,4,260,1710,22,874,51,25,105,0,3,1707
2017-02-28 00:57:27,701,0,0,489,6,274,1714,25,790,53,25,90,0,3,1658
2017-02-28 00:58:27,288,0,0,589,5,255,1847,22,894,66,25,92,0,4,1678
2017-02-28 00:59:27,410,0,0,612,6,294,1763,25,1122,50,24,90,0,4,1792
2017-02-28 01:00:27,662,0,0,2080,4,416,3842,22,1786,157,25,163,0,3,1379
2017-02-28 01:01:27,720,0,0,2738,5,429,2757,22,2049,907,35,120,0,4,1545
2017-02-28 01:02:27,491,0,0,1163,5,258,2134,25,1358,504,25,93,0,3,1380
2017-02-28 01:03:27,532,0,0,1046,595,244,2345,22,827,47,25,92,0,4,1456
2017-02-28 01:04:27,496,0,0,1452,4800,248,2673,25,668,48,25,99,0,9,1087
2017-02-28 01:05:27,1151,0,0,2375,695,349,2291,22,769,76,25,184,0,3,1480
2017-02-28 01:06:27,2042,0,0,3343,5,481,1970,22,793,174,25,142,0,4,1535
2017-02-28 01:07:28,1255,0,0,2532,5,295,2036,25,700,50,25,96,0,3,1521
2017-02-28 01:08:28,390,0,0,1923,5,143,2100,22,687,48,25,96,0,4,1828
2017-02-28 01:09:28,1018,0,0,529,19,156,2024,25,636,47,25,96,0,9,1884
2017-02-28 01:10:28,493,0,0,685,4,330,2780,22,654,49,25,56,100,5,1734
2017-02-28 01:11:28,445,0,0,646,4,554,2812,22,618,47,25,96,225,4,1585
2017-02-28 01:12:28,523,0,0,629,5,415,2007,25,1178,46,25,96,1550,3,1364
2017-02-28 01:13:28,353,0,0,540,6,178,2063,22,1543,48,25,167,663,4,1180
2017-02-28 01:14:28,271,0,0,531,5,167,3073,25,883,47,25,99,409,4,1549
2017-02-28 01:15:28,1451,0,0,732,4,307,2125,22,891,49,26,101,1454,4,1365
2017-02-28 01:16:28,330,0,0,744,4,514,1984,22,597,67,25,99,1,3,1635
2017-02-28 01:17:29,472,0,0,1004,4,294,2001,25,636,52,25,98,0,3,1633
2017-02-28 01:18:29,459,0,0,713,803,186,2125,22,642,49,25,105,0,4,1627
2017-02-28 01:19:29,371,0,0,581,5171,182,2212,25,666,53,25,98,0,4,765
2017-02-28 01:20:29,352,0,0,697,3541,345,3058,22,711,55,26,125,0,3,1419
2017-02-28 01:21:29,644,0,0,688,5,412,2527,22,600,51,25,99,0,4,1432
2017-02-28 01:22:29,439,0,0,488,5,174,2331,25,739,51,25,97,0,3,1592
2017-02-28 01:23:29,247,0,0,513,6,172,2080,22,684,53,25,98,0,4,1634
2017-02-28 01:24:29,1074,0,0,694,8,192,2876,25,628,52,25,102,0,5,1634
2017-02-28 01:25:29,1311,0,0,411,4,171,2297,22,659,53,25,99,0,5,1632
2017-02-28 01:26:29,2717,0,0,912,5,165,1750,22,601,52,25,97,0,3,1599
2017-02-28 01:27:30,1628,0,0,527,5,169,1759,25,723,50,25,97,0,4,1399
2017-02-28 01:28:30,951,0,0,1034,6,153,1780,22,639,65,25,94,0,4,1633
2017-02-28 01:29:30,1064,0,0,853,5,145,1760,25,663,49,25,105,0,4,1634
2017-02-28 01:30:30,1470,0,0,2687,4,191,2236,22,1747,54,25,74,0,3,1679
2017-02-28 01:31:30,998,0,0,2827,4,159,2230,22,4768,60,25,97,0,4,1320
2017-02-28 01:32:30,838,0,0,3477,5,151,1800,25,2487,52,25,99,0,3,1521
2017-02-28 01:33:30,448,0,0,3332,779,155,1902,22,1497,50,25,97,0,4,1746
2017-02-28 01:34:30,1307,0,0,2802,4937,159,2097,25,1492,51,25,96,0,4,986
2017-02-28 01:35:30,1811,0,0,2254,517,163,1849,22,1473,55,25,102,0,4,1536
2017-02-28 01:36:30,1007,0,0,793,4,178,1676,22,1539,52,25,95,0,3,1605
2017-02-28 01:37:31,584,0,0,866,4,156,1694,25,1564,49,25,87,0,3,1572
2017-02-28 01:38:31,364,0,0,1023,4,165,1792,22,1592,52,25,99,0,4,1647
2017-02-28 01:39:31,499,0,0,983,6,162,1693,25,1551,49,25,95,0,3,1606
2017-02-28 01:40:31,374,0,0,879,4,176,2094,22,1497,53,24,92,0,4,1550
2017-02-28 01:41:31,463,0,0,724,5,91,2053,22,1563,51,24,89,0,4,1533
2017-02-28 01:42:31,399,0,0,481,5,51,1743,25,1631,50,25,126,0,2,1569
2017-02-28 01:43:31,179,0,0,734,4,55,1935,22,1591,51,25,100,0,4,1547
2017-02-28 01:44:31,267,0,0,777,5,52,2345,25,1565,49,25,90,0,3,1610
2017-02-28 01:45:31,572,0,0,586,4,70,1965,22,1613,52,25,90,0,3,1685
2017-02-28 01:46:31,1615,0,0,1106,5,45,1703,22,1057,60,25,97,0,3,1692
2017-02-28 01:47:32,1175,0,0,1008,5,56,1668,25,720,49,25,89,0,3,1631
2017-02-28 01:48:32,331,0,0,1168,1031,51,1732,22,709,49,25,89,0,4,1822
2017-02-28 01:49:32,294,0,0,850,5459,52,2106,25,689,50,25,89,0,3,700
2017-02-28 01:50:32,378,0,0,1128,3477,47,2125,22,855,54,25,93,0,4,1208
2017-02-28 01:51:32,359,0,0,986,5,38,2195,22,652,52,24,70,0,2,1552
2017-02-28 01:52:32,225,0,0,948,5,42,1751,25,614,50,25,89,0,3,1550
2017-02-28 01:53:32,202,0,0,937,6,48,1919,22,541,51,25,87,0,4,1631
2017-02-28 01:54:32,365,0,0,849,7,50,2358,25,610,51,25,97,0,4,1630
2017-02-28 01:55:32,1023,0,0,980,4,50,1794,22,627,52,25,96,0,4,1634
2017-02-28 01:56:32,201,0,0,900,5,35,1712,22,664,50,25,86,0,4,1736
2017-02-28 01:57:33,559,0,0,1022,6,43,1728,25,733,49,25,89,0,2,1526
2017-02-28 01:58:33,197,0,0,1007,6,45,1759,22,481,64,25,90,0,4,1632
2017-02-28 01:59:33,218,0,0,793,5,40,1730,25,633,51,25,89,0,4,1381
2017-02-28 02:00:33,809,0,0,1991,4,345,3963,22,1513,971,25,1061,0,2,1533
2017-02-28 02:01:33,517,0,0,1715,5,239,2616,22,2166,1776,25,126,0,4,1279
2017-02-28 02:02:33,220,0,0,1245,4,47,1759,25,616,392,25,126,0,3,1638
2017-02-28 02:03:33,313,0,0,945,975,42,1945,22,715,483,25,142,0,4,1482
2017-02-28 02:04:33,329,0,0,1163,4805,43,2327,25,683,588,25,128,0,11,1043
2017-02-28 02:05:33,1087,0,0,816,316,52,1830,22,758,703,24,106,0,3,1543
2017-02-28 02:06:33,1681,0,0,763,6,63,1723,22,629,542,25,92,0,2,1551
2017-02-28 02:07:34,592,0,0,541,6,36,1682,25,633,651,24,88,0,3,1598
2017-02-28 02:08:34,166,0,0,569,6,39,1760,22,687,498,24,97,0,4,1661
2017-02-28 02:09:34,360,0,0,597,19,48,1703,25,710,411,25,100,0,8,1368
2017-02-28 02:10:34,325,0,0,505,4,67,2085,22,666,1036,25,96,0,4,1524
2017-02-28 02:11:34,214,0,0,518,5,51,2093,22,651,1249,24,66,0,3,1467
2017-02-28 02:12:34,343,0,0,548,5,38,1706,25,1179,1613,27,135,0,2,1629
2017-02-28 02:13:34,166,0,0,533,4,38,1857,22,778,802,24,90,0,3,1633
2017-02-28 02:14:34,217,0,0,608,5,35,2225,25,659,502,24,93,0,5,1362
2017-02-28 02:15:34,1009,0,0,583,5,48,1782,22,652,777,24,93,0,3,1404
2017-02-28 02:16:34,176,0,0,628,5,33,1704,22,703,673,25,90,0,4,1640
2017-02-28 02:17:35,413,0,0,471,5,33,1727,25,557,363,24,90,0,3,1526
2017-02-28 02:18:35,350,0,0,1330,1315,39,1737,22,1011,61,24,92,0,4,1280
2017-02-28 02:19:35,162,0,0,1036,5315,30,1705,25,620,51,24,99,0,4,838
2017-02-28 02:20:35,259,0,0,1597,3134,57,2151,22,700,55,25,95,0,3,1546
2017-02-28 02:21:35,341,0,0,1483,5,33,2047,22,674,50,24,88,0,2,1594
2017-02-28 02:22:35,177,0,0,1126,5,35,1678,25,674,53,24,88,0,3,1712
2017-02-28 02:23:35,210,0,0,1209,5,40,1895,22,613,51,25,90,0,4,1431
2017-02-28 02:24:35,259,0,0,509,6,44,2230,25,766,50,25,91,0,3,1630
2017-02-28 02:25:35,838,0,0,1002,4,46,1778,22,710,54,25,93,0,4,1444
2017-02-28 02:26:35,590,0,0,456,4,40,1665,22,725,49,24,88,0,3,1549
2017-02-28 02:27:36,535,0,0,584,6,38,1809,25,776,49,24,100,0,2,1630
2017-02-28 02:28:36,151,0,0,528,5,33,1739,22,626,70,24,87,0,4,1448
2017-02-28 02:29:36,163,0,0,565,6,41,1707,25,746,50,24,88,0,4,1546
2017-02-28 02:30:36,552,0,0,1739,4,56,2429,22,1858,53,24,88,0,2,1361
2017-02-28 02:31:36,211,0,0,1074,4,29,2082,22,2564,55,25,88,0,3,1361
2017-02-28 02:32:36,203,0,0,1011,4,26,1690,25,4948,50,24,59,0,3,1363
2017-02-28 02:33:36,235,0,0,762,1069,25,1846,22,3882,49,24,69,0,3,1362
2017-02-28 02:34:36,306,0,0,618,5091,33,2106,25,2432,49,24,87,0,4,1093
2017-02-28 02:35:36,1005,0,0,804,102,41,1774,22,2084,53,24,87,0,4,1419
2017-02-28 02:36:36,306,0,0,844,5,38,1705,22,4110,50,24,96,0,2,1302
2017-02-28 02:37:37,376,0,0,930,4,31,1688,25,2081,51,24,88,0,3,1362
2017-02-28 02:38:37,196,0,0,737,5,39,1715,22,2722,51,24,88,0,4,1391
2017-02-28 02:39:37,272,0,0,750,7,46,1736,25,3846,49,25,87,0,2,1498
2017-02-28 02:40:37,187,0,0,668,4,39,2132,22,3533,53,24,89,0,4,1468
2017-02-28 02:41:37,259,0,0,1555,6,32,2029,22,3134,49,24,93,0,3,1740
2017-02-28 02:42:37,238,0,0,2062,5,38,1723,25,1907,49,28,133,0,2,1639
2017-02-28 02:43:37,145,0,0,957,4,43,1963,22,750,56,24,90,0,4,1515
2017-02-28 02:44:37,180,0,0,1061,5,38,2358,25,672,49,24,103,0,3,1453
2017-02-28 02:45:37,852,0,0,842,4,47,1842,22,871,54,24,88,0,3,1662
2017-02-28 02:46:37,813,0,0,692,4,34,1673,22,719,55,25,89,0,3,1510
2017-02-28 02:47:37,508,0,0,444,4,126,1683,25,768,52,24,89,0,3,1631
2017-02-28 02:48:38,270,0,0,434,1529,134,1729,22,548,47,25,89,0,3,1608
2017-02-28 02:49:38,179,0,0,252,5439,152,1681,25,557,49,24,89,0,3,661
2017-02-28 02:50:38,323,0,0,425,2846,179,2220,22,592,54,24,90,0,3,1424
2017-02-28 02:51:38,310,0,0,255,4,186,2023,22,568,49,24,89,0,2,1495
2017-02-28 02:52:38,229,0,0,261,4,189,1772,25,730,49,24,66,0,3,1648
2017-02-28 02:53:38,205,0,0,264,5,184,1882,22,621,49,24,98,0,4,1617
2017-02-28 02:54:38,240,0,0,381,7,186,2183,25,546,49,24,89,0,3,1559
2017-02-28 02:55:38,808,0,0,267,4,178,1794,22,908,53,25,90,0,4,1437
2017-02-28 02:56:38,195,0,0,259,4,179,1732,22,387,50,24,87,0,3,1631
2017-02-28 02:57:39,488,0,0,255,6,155,1696,25,419,49,24,88,0,2,1604
2017-02-28 02:58:39,183,0,0,257,4,141,1716,22,399,69,24,95,0,3,1657
2017-02-28 02:59:39,135,0,0,344,7,133,1714,25,372,49,24,88,0,4,1607
2017-02-28 03:00:39,586,0,2,1532,4,300,4330,165,4428,135,26,1139,0,2,1618
2017-02-28 03:01:39,373,0,979,2238,4,157,2080,221,6077,60,26,167,0,3,2734
2017-02-28 03:02:39,348,0,278,2311,4,166,1534,250,3930,53,25,123,0,3,2362
2017-02-28 03:03:39,357,0,214,1717,1274,200,1801,249,2632,52,25,168,0,4,1302
2017-02-28 03:04:39,384,0,404,969,4001,193,1836,212,4419,52,24,310,0,11,962
2017-02-28 03:05:39,2706,0,496,1120,316,365,1768,71,2653,99,24,661,0,3,1286
2017-02-28 03:06:39,902,0,207,585,4,581,1474,16123,1928,49,25,1733,0,2,1102
2017-02-28 03:07:40,1171,0,613,601,4,641,1426,14749,2657,49,28,725,0,3,1250
2017-02-28 03:08:40,1284,0,197,330,4,918,1535,11362,1158,52,24,1831,0,3,1144
2017-02-28 03:09:40,1324,0,115,289,18,892,1587,13813,2815,50,24,1877,0,8,1155
2017-02-28 03:10:40,462,0,143,873,4,696,1843,19527,5913,52,26,233,0,4,1054
2017-02-28 03:11:40,1114,0,157,415,4,400,1886,12006,3277,51,25,91,0,2,1131
2017-02-28 03:12:40,1263,0,184,935,5,831,1505,8362,5261,49,28,143,0,3,1091
2017-02-28 03:13:40,450,0,16,953,4,225,1600,22633,2946,49,25,68,0,4,1127
2017-02-28 03:14:40,945,0,0,628,4,165,1960,15135,2130,49,24,90,0,3,1204
2017-02-28 03:15:40,1768,0,0,547,4,160,1618,7594,2419,62,24,99,0,3,1214
2017-02-28 03:16:40,1021,0,1,542,4,150,1535,14295,2344,55,24,88,0,3,1348
2017-02-28 03:17:41,699,0,0,662,5,156,1415,18583,2145,51,25,95,1,2,1107
2017-02-28 03:18:41,925,0,0,513,1755,144,1534,17692,2518,49,24,92,0,3,1042
2017-02-28 03:19:41,1099,0,0,580,5223,135,1290,5830,4071,49,24,90,0,4,665
2017-02-28 03:20:41,1122,0,0,844,2737,152,2020,11898,2120,55,25,115,0,2,1315
2017-02-28 03:21:41,642,0,0,510,5,241,1958,20414,2267,50,24,87,0,3,1239
2017-02-28 03:22:41,819,0,0,562,4,247,1670,20023,3859,49,24,86,0,3,1388
2017-02-28 03:23:41,1038,0,0,553,6,233,1778,11468,3733,52,25,88,0,3,1455
2017-02-28 03:24:41,1077,0,0,694,8,241,2086,12254,3568,50,25,87,0,4,1146
2017-02-28 03:25:41,2050,0,0,648,4,263,1666,17579,3964,53,25,93,0,4,1269
2017-02-28 03:26:41,1609,0,0,839,4,246,1595,1705,3861,50,25,89,0,2,1133
2017-02-28 03:27:42,1744,0,0,716,7,251,1589,2017,3430,50,25,64,0,4,1362
2017-02-28 03:28:42,1599,0,0,804,6,251,1636,1807,2497,64,24,89,0,3,1095
2017-02-28 03:29:42,1605,0,0,735,6,246,1628,1988,3343,49,24,89,0,2,1363
2017-02-28 03:30:42,1652,0,0,852,5,233,2197,1859,5288,57,25,93,0,3,1266
2017-02-28 03:31:42,1511,0,0,771,4,228,1963,1920,6462,55,25,87,0,3,1224
2017-02-28 03:32:42,1522,0,0,1009,4,222,1674,1508,5200,51,25,90,0,3,1123
2017-02-28 03:33:42,1551,0,0,1283,1420,201,1736,1782,3630,49,24,72,0,3,1286
2017-02-28 03:34:42,1431,0,0,1249,4343,203,2031,1985,2657,49,25,90,0,4,727
2017-02-28 03:35:42,2013,0,0,1374,5,231,1801,1439,2381,54,25,90,0,4,1252
2017-02-28 03:36:43,1517,0,0,1406,5,209,1614,1616,2291,50,24,97,0,3,1235
2017-02-28 03:37:43,1446,0,0,1525,4,203,1659,1777,2244,51,25,93,0,4,1164
2017-02-28 03:38:43,1066,0,0,1843,6,214,1650,1783,2379,53,24,91,0,3,1300
2017-02-28 03:39:43,1142,0,0,1641,6,244,1664,1380,1901,51,25,92,0,3,1311
2017-02-28 03:40:43,1156,0,0,1835,5,241,2075,1515,1981,54,24,89,0,4,1204
2017-02-28 03:41:43,1170,0,0,1639,4,246,1967,1078,1675,52,25,88,0,2,1150
2017-02-28 03:42:43,1180,0,0,1788,6,246,1661,1171,1204,50,28,141,0,4,1235
2017-02-28 03:43:43,1134,0,0,1738,5,255,1767,1642,1105,50,25,90,0,3,1295
2017-02-28 03:44:43,1199,0,0,1754,5,227,2037,1449,1036,53,24,89,0,3,1213
2017-02-28 03:45:43,1959,0,0,1593,4,258,1696,1370,1174,57,25,88,0,3,1196
2017-02-28 03:46:43,1188,0,0,1781,4,273,1597,1317,1746,56,24,88,0,3,1266
2017-02-28 03:47:44,1421,0,0,1602,6,272,1671,1641,1535,52,24,88,0,3,1249
2017-02-28 03:48:44,1230,0,0,1707,2089,270,1598,1240,1551,52,25,89,0,3,1036
2017-02-28 03:49:44,1037,0,0,1512,5391,257,1602,1371,1565,52,24,87,0,3,620
2017-02-28 03:50:44,1238,0,0,1728,2080,266,2038,1491,1675,54,27,95,0,2,1216
2017-02-28 03:51:44,1374,0,0,1652,4,260,1897,1834,2130,52,25,41,0,3,1144
2017-02-28 03:52:44,1365,0,0,1784,4,253,1656,1526,2017,64,25,89,0,4,1216
2017-02-28 03:53:44,1378,0,0,1632,6,249,1838,1629,1744,51,25,97,0,3,1229
2017-02-28 03:54:44,1535,0,0,1668,8,240,2048,1929,1912,51,24,89,0,3,1332
2017-02-28 03:55:44,1799,0,0,1602,4,234,1737,1513,1638,54,25,94,0,5,1236
2017-02-28 03:56:45,1444,0,0,1737,4,250,1619,1826,1990,51,24,88,0,2,1279
2017-02-28 03:57:45,1574,0,0,1714,5,242,1620,1888,1946,59,24,88,0,3,1284
2017-02-28 03:58:45,1350,0,0,1721,6,240,1655,1558,2516,56,24,93,0,5,1153
2017-02-28 03:59:45,1291,0,0,1758,6,241,1601,1060,2237,50,25,87,0,3,1209
2017-02-28 04:00:45,2202,0,0,3747,4,855,3998,1378,4208,122,25,124,0,3,1004
2017-02-28 04:01:45,1916,0,0,1958,4,1089,2173,936,6627,62,25,91,0,3,745
2017-02-28 04:02:45,2857,0,0,1860,4,1113,6498,1510,4455,51,24,91,0,2,418
2017-02-28 04:03:45,2069,0,0,1737,826,952,2600,1020,4083,50,25,90,0,3,534
2017-02-28 04:04:45,2029,0,0,1605,3551,913,2311,1059,2980,50,24,91,0,9,490
2017-02-28 04:05:45,1826,0,0,1917,813,961,1906,878,3242,85,25,111,0,3,1023
2017-02-28 04:06:46,1822,0,0,1694,5,884,1753,1104,2463,50,24,95,0,3,1098
2017-02-28 04:07:46,2358,0,0,1774,4,852,1626,1287,2507,49,25,96,0,3,1003
2017-02-28 04:08:46,2190,0,0,1626,6,929,1620,1182,1818,52,24,93,0,3,1046
2017-02-28 04:09:46,2034,0,0,1813,18,866,1757,1284,1191,51,25,88,0,8,1225
2017-02-28 04:10:46,1837,0,0,1663,4,856,2033,1203,1096,54,24,93,0,5,1062
2017-02-28 04:11:46,985,0,0,1738,4,944,1993,1048,1481,50,25,74,0,3,1123
2017-02-28 04:12:46,1062,0,0,1571,5,939,1659,1642,1422,49,28,136,0,4,1242
2017-02-28 04:13:46,981,0,0,1684,6,927,1793,1264,1485,51,25,87,0,3,1209
2017-02-28 04:14:46,936,0,0,1586,6,732,2025,1594,1395,51,25,91,0,4,1180
2017-02-28 04:15:46,1509,0,0,1523,4,735,1724,1590,1121,59,25,96,0,3,1220
2017-02-28 04:16:47,1099,0,0,976,4,604,1582,1164,1112,55,24,88,0,3,1147
2017-02-28 04:17:47,1290,0,0,753,4,150,1595,1566,1117,50,24,89,0,4,1187
2017-02-28 04:18:47,1270,0,0,762,2345,136,1624,1631,1173,49,24,65,0,3,1188
2017-02-28 04:19:47,1149,0,0,805,5427,138,1512,1864,1470,52,25,89,0,5,644
2017-02-28 04:20:47,1187,0,0,817,1945,147,2086,1668,973,55,25,89,0,3,1403
2017-02-28 04:21:47,1446,0,0,409,3,138,1914,1891,1075,49,25,88,0,3,1117
2017-02-28 04:22:47,1503,0,0,295,4,134,1703,2263,1044,52,24,88,0,3,1326
2017-02-28 04:23:47,1562,0,0,250,4,123,1840,1889,970,51,25,95,0,4,1122
2017-02-28 04:24:47,1487,0,0,248,7,132,1989,2169,911,50,24,89,0,3,1170
2017-02-28 04:25:47,2119,0,0,266,8,151,1673,1954,513,53,25,89,0,5,1268
2017-02-28 04:26:48,1516,0,0,262,4,129,1567,2034,502,50,24,97,0,3,1274
2017-02-28 04:27:48,1679,0,0,251,4,134,1649,2213,583,63,25,89,0,3,1259
2017-02-28 10:42:49,512,0,0,950,5,653,2235,1676,855,151,26,103,0,3,1653
2017-02-28 10:43:50,576,0,0,957,5,653,2308,1600,865,234,26,149,0,3,1706
2017-02-28 10:44:50,354,0,0,1050,7,724,2651,1571,940,79,26,117,0,3,1858
